0,1
Machine learning pipeline for battery state-of-health estimation,1.984582011918887
Pattern Recognition and Machine Learning (Information Science and Statistics),1.9636800648407662
Pfam: The protein families database in 2021,1.9247819765977436
Neural Machine Translation by Jointly Learning to Align and Translate,1.87607675371815
AutoDS: Towards Human-Centered Automation of Data Science,1.8664233736400926
Semantic data mapping technology to solve semantic data problem on heterogeneity aspect,1.8479047539242401
"Reference sequence (RefSeq) database at NCBI: current status, taxonomic expansion, and functional annotation",1.8359562575987307
Self-Ensembling With GAN-Based Data Augmentation for Domain Adaptation in Semantic Segmentation,1.8225243153188777
Algorithmic Government: Automating Public Services and Supporting Civil Servants in using Data Science Technologies,1.8169602124607125
The PRIDE database and related tools and resources in 2019: improving support for quantification data,1.814693304342796
An improved method of constructing a database of monthly climate observations and associated high‐resolution grids,1.8104796333439694
Data science ethical considerations: a systematic literature review and proposed project framework,1.8067933106677658
CRISP-DM Twenty Years Later: From Data Mining Processes to Data Science Trajectories,1.8040231269059563
Hive - a petabyte scale data warehouse using Hadoop,1.79760304381322
Evaluation of semantic data storages for integrating heterogenous disciplines in automation systems engineering,1.7967338214303372
Making data science systems work,1.773056905705026
The HITRAN 2008 molecular spectroscopic database,1.7720302032701079
Data Management for Data Science - Towards Embedded Analytics,1.7695248578410083
Ubiquitous web navigation through harvesting embedded semantic data: A mobile scenario,1.76725690569149
Programs for Machine Learning,1.7620348566144592
Data Driven vs. Metric Driven Data Warehouse Design,1.7566296038018245
Fairness in Machine Learning: A Survey,1.7480152746152413
The Cambridge Structural Database,1.7384534546010093
Data Warehouses Federation as a Single Data Warehouse,1.734543826924725
Mob-Warehouse: A Semantic Approach for Mobility Analysis with a Trajectory Data Warehouse,1.7312506808953316
Understanding Machine Learning,1.72523975760731
The Role of Academia in Data Science Education,1.7198622759160258
Health Care and Precision Medicine Research: Analysis of a Scalable Data Science Platform,1.7192167652448789
Toward collaborative open data science in metabolomics using Jupyter Notebooks and cloud computing,1.71651063814112
Machine Learning for High-Speed Corner Detection,1.7052089920509599
Big Data Augmentation with Data Warehouse: A Survey,1.6961827617950225
Semantic Data Integration for Knowledge Graph Construction at Query Time,1.6909915210790436
Data Warehouse Testing,1.6903322980279925
COMPARATIVE STUDY OF DATA WAREHOUSE DESIGN APPROACHES : A SURVEY,1.6896272449139444
Data science for entrepreneurship research: studying demand dynamics for entrepreneurial skills in the Netherlands,1.6839851194593123
dbSNP: the NCBI database of genetic variation,1.6746449391768996
In Search of Sustainable Design Patterns: Combining Data Mining and Semantic Data Modelling on Disparate Building Data,1.6737593341313246
Multimodal Machine Learning: A Survey and Taxonomy,1.6708396497653744
Big Data and data science: A critical review of issues for educational research,1.6703749842341826
Semantic data mining: A survey of ontology-based approaches,1.6691087576328232
The ChEMBL database in 2017,1.6674669171930714
"Data Science in 2020: Computing, Curricula, and Challenges for the Next 10 Years",1.6666429301207948
Outbreak analytics: a developing data science for informing the response to emerging pathogens,1.6662117226285698
"Reproduction for academic, not-for profit purposes permitted provided this text is included. A Data Warehouse Architecture for Clinical Data Warehousing",1.665694712405983
Protein backbone angle restraints from searching a database for chemical shift and sequence homology,1.6652009357061959
The Data Warehouse Toolkit: The Complete Guide to Dimensional Modeling,1.664658703946629
"NCBI Reference Sequence (RefSeq): a curated non-redundant sequence database of genomes, transcripts and proteins",1.661910286617611
ZINC - A Free Database of Commercially Available Compounds for Virtual Screening,1.6578838156996816
The Pfam protein families database,1.65028237631474
A Simple Baseline for Semi-supervised Semantic Segmentation with Strong Data Augmentation*,1.6496610521807717
ERFNet: Efficient Residual Factorized ConvNet for Real-Time Semantic Segmentation,1.6464728894623606
The mnist database of handwritten digits,1.6454275889392143
Introduction to WordNet: An On-line Lexical Database,1.6446304751775225
An introduction to latent semantic analysis,1.6443145780777584
CARD 2020: antibiotic resistome surveillance with the comprehensive antibiotic resistance database,1.6385883607642686
Semantic Autoencoder for Zero-Shot Learning,1.6303208227998573
Convolutional LSTM Network: A Machine Learning Approach for Precipitation Nowcasting,1.6285278388601638
Domain Generalization via Model-Agnostic Learning of Semantic Features,1.6160202228048635
Constrained Language Models Yield Few-Shot Semantic Parsers,1.6154730939516542
Fundamentals of Database Systems,1.6098956115879444
The Pfam protein families database in 2019,1.6074548726370192
FedML: A Research Library and Benchmark for Federated Machine Learning,1.59952784947203
Data Warehouse Systems: Design and Implementation,1.598177026243425
A Data Science Framework for Movement,1.5892328771037354
A Solution to the Network Challenges of Data Recovery in Erasure-coded Distributed Storage Systems: A Study on the Facebook Warehouse Cluster,1.5859445101244045
Data Shapley: Equitable Valuation of Data for Machine Learning,1.585334184860315
Semantic Foggy Scene Understanding with Synthetic Data,1.5756359365363346
A Fuzzy Data Warehouse Approach for Web Analytics,1.5750351806034277
A survey of loss functions for semantic segmentation,1.5663358088793766
Automating data science,1.5632601794557024
A Survey on Data Pricing: From Economics to Data Science,1.5522897176422963
Machine Learning in Agriculture: A Review,1.5508381448349342
Towards Data Quality into the Data Warehouse Development,1.5476005397416717
Learning Deep Features for Scene Recognition using Places Database,1.5432616314329903
Rich Feature Hierarchies for Accurate Object Detection and Semantic Segmentation,1.541003708923113
SCOP: a structural classification of proteins database for the investigation of sequences and structures.,1.5400946198308514
MouseMine: a new data warehouse for MGI,1.5386122059200975
"Practitioners Teaching Data Science in Industry and Academia: Expectations, Workflows, and Challenges",1.5348022473960439
Geospatial data ontology: the semantic foundation of geospatial data integration and sharing,1.5291087529390848
HMDB 3.0—The Human Metabolome Database in 2013,1.5272789000990221
Data Science,1.5265275064005634
Data Warehouse Systems,1.5159004765608315
"QIIME 2: Reproducible, interactive, scalable, and extensible microbiome data science",1.5102033307065859
Data Cleaning In Data Warehouse: A Survey of Data Pre-processing Techniques and Tools,1.5042648567651324
What is responsible and sustainable data science?,1.5009586172931062
"Our data, our society, our health: A vision for inclusive and transparent health data science in the United Kingdom and beyond",1.5004106499530578
Data science: a game changer for science and innovation,1.49933631693565
An Introduction to Machine Learning,1.496741174547411
Materialised view construction in data warehouse for decision making,1.4945523592282732
Design and application of Internet of things-based warehouse management system for smart logistics,1.4882682245548031
Advanced Data Warehouse Design: From Conventional to Spatial and Temporal Applications,1.4816918193364454
Joint 2D-3D-Semantic Data for Indoor Scene Understanding,1.4760157749941119
From hype to reality: data science enabling personalized medicine,1.4730247269407737
Towards A Rigorous Science of Interpretable Machine Learning,1.46544548143767
Towards an Architecture for Managing Big Semantic Data in Real-Time,1.4637874463081058
Model Adaptation with Synthetic and Real Data for Semantic Dense Foggy Scene Understanding,1.460090719104126
Building a Scalable Data Warehouse with Data Vault 2.0,1.4563104705638297
"Automated Machine Learning - Methods, Systems, Challenges",1.453464840272373
From Federated Databases to a Federated Data Warehouse System,1.4469650431060985
UCI Repository of machine learning databases,1.4462631063767388
Learning Semantic Segmentation From Synthetic Data: A Geometrically Guided Input-Output Adaptation Approach,1.4440866309488654
"The MEROPS database of proteolytic enzymes, their substrates and inhibitors in 2017 and a comparison with peptidases in the PANTHER database",1.443446713635175
The Immune Epitope Database (IEDB): 2018 update,1.4391653836596965
The PRIDE database resources in 2022: a hub for mass spectrometry-based proteomics evidences,1.43591215226037
High-Dimensional Probability: An Introduction with Applications in Data Science,1.433023209807766
Data Recombination for Neural Semantic Parsing,1.431691442057411
The impact of the MIT-BIH Arrhythmia Database,1.4270538559159507
Regularizing Deep Networks With Semantic Data Augmentation,1.4233614252461777
Scikit-learn: Machine Learning in Python,1.4206954068580466
The Pfam protein families database,1.4164616365078857
Data Warehouse and Big Data Integration,1.4126867418380864
Molecular signatures database (MSigDB) 3.0,1.4093408956180096
Large-Scale Machine Learning with Stochastic Gradient Descent,1.3981496193470548
Explainable AI: A Review of Machine Learning Interpretability Methods,1.3972084923345813
Unsupervised Domain Adaptation for Semantic Segmentation via Class-Balanced Self-training,1.3917216369648346
Extreme Learning Machine for Regression and Multiclass Classification,1.390853689737744
The Role of ChatGPT in Data Science: How AI-Assisted Conversational Interfaces Are Revolutionizing the Field,1.3876271160943807
Optimization and Machine Learning,1.3868906288030445
"How do Data Science Workers Collaborate? Roles, Workflows, and Tools",1.38198374650538
ONCOMINE: a cancer microarray database and integrated data-mining platform.,1.3704318785247676
"PlantCARE, a database of plant cis-acting regulatory elements and a portal to tools for in silico analysis of promoter sequences",1.3701105712584216
data warehouse,1.367072621072662
HMDB: A large video database for human motion recognition,1.3662873319140565
A Study on Big Data Integration with Data Warehouse,1.3657209569528088
A comprehensive approach to data warehouse testing,1.361268126192856
Fixed Point Strategies in Data Science,1.3611651148427792
TRRUST v2: an expanded reference database of human and mouse transcriptional regulatory interactions,1.3586244082145482
ilastik: interactive machine learning for (bio)image analysis,1.3540465608926595
SoilGrids250m: Global gridded soil information based on machine learning,1.351320060809841
YeastMine—an integrated data warehouse for Saccharomyces cerevisiae data as a multipurpose tool-kit,1.3505640814458988
"Towards GeoSpatial semantic data management: strengths, weaknesses, and challenges ahead",1.3484277370789968
Fast-SCNN: Fast Semantic Segmentation Network,1.3473660496977269
Discovering Semantic Data of Interest from Un-mappable Memory with Confidence,1.346421855009404
Practical Black-Box Attacks against Machine Learning,1.3448362162325804
Machine learning for alloys,1.3371752659932126
Recent advances and applications of machine learning in solid-state materials science,1.3309842987129272
Using Ontologies for Semantic Data Integration,1.3289635509584898
An Overview of Data Warehouse and Data Lake in Modern Enterprise Data Management,1.32832286416857
"The Art and Practice of Data Science Pipelines: A Comprehensive Study of Data Science Pipelines In Theory, In-The-Small, and In-The-Large",1.3280586335477975
Rectifying Pseudo Label Learning via Uncertainty Estimation for Domain Adaptive Semantic Segmentation,1.3203061682824522
Upscaling urban data science for global climate solutions,1.3131441676969184
Introducing EzBioCloud: a taxonomically united database of 16S rRNA gene sequences and whole-genome assemblies,1.3130984417976537
A Data Warehouse Design for a Typical University Information System,1.3126561686620115
The use of the area under the ROC curve in the evaluation of machine learning algorithms,1.3124510951295514
The IPD-IMGT/HLA Database,1.3090360599192787
Graph Data Warehouse: Steps to Integrating Graph Databases Into the Traditional Conceptual Structure of a Data Warehouse,1.3018711517357917
Semi-Supervised Semantic Segmentation with Cross Pseudo Supervision,1.292139128800344
Veridical data science,1.2872617497104952
Exploring exploratory search: a user study with linked semantic data,1.286144469636371
"Greengenes, a Chimera-Checked 16S rRNA Gene Database and Workbench Compatible with ARB",1.2833399877301295
VHA Corporate Data Warehouse height and weight data: opportunities and challenges for health services research.,1.2819422866271013
Challenges and opportunities in quantum machine learning,1.2813900797761628
The MNIST Database of Handwritten Digit Images for Machine Learning Research [Best of the Web],1.2791235156320562
The MNIST Database of Handwritten Digit Images for Machine Learning Research [Best of the Web],1.2791235156320562
Counterfactual Explanations for Machine Learning: A Review,1.2749142374571014
Glossary for public health surveillance in the age of data science,1.2736708568310795
TensorFlow: Large-Scale Machine Learning on Heterogeneous Distributed Systems,1.2723577711681018
The Democratization of Data Science Education,1.267095938284016
"Semantic data interoperability, digital medicine, and e-health in infectious disease management: a review",1.2630974983915129
The Deep Data Warehouse: Link-Based Integration and Enrichment of Warehouse Data and Unstructured Content,1.2565997234703168
Argonaute—a database for gene regulation by mammalian microRNAs,1.2550940683908742
50 Years of Data Science,1.2412578211474692
"Avogadro: an advanced semantic chemical editor, visualization, and analysis platform",1.2378999665222046
The HITRAN2012 molecular spectroscopic database,1.2367531799110718
Learning from Synthetic Data: Addressing Domain Shift for Semantic Segmentation,1.2324334568870385
Encyclopedia of Database Systems,1.2288873956451845
Sherlock: A Deep Learning Approach to Semantic Data Type Detection,1.2287172722762254
Enabling Semantic Search Based on Conceptual Graphs over Encrypted Outsourced Data,1.2279870929700252
Semantic Graph Convolutional Networks for 3D Human Pose Regression,1.2261480644446836
WordNet: A Lexical Database for English,1.2246766181174056
Machine learning in automated text categorization,1.222398149961727
Data Science and Machine Learning,1.220192917544428
Semi-Supervised Semantic Segmentation With Cross-Consistency Training,1.21626662255868
"Machine Learning in Python: Main developments and technology trends in data science, machine learning, and artificial intelligence",1.212703917049796
Data science in economics: comprehensive review of advanced machine learning and deep learning methods,1.2125349928241247
"Machine learning: Trends, perspectives, and prospects",1.2066589561969827
DrugBank 5.0: a major update to the DrugBank database for 2018,1.1993046164360666
Adversarial machine learning,1.197297848119817
Understanding Machine Learning - From Theory to Algorithms,1.1918108665985336
The Cambridge Structural Database: a quarter of a million crystal structures and rising.,1.191471394359444
PepeSearch: Semantic Data for the Masses,1.1883865869133408
Active Database Systems Triggers And Rules For Advanced Database Processing The Morgan Kaufmann Series In Data Management Systems,1.1881141004006157
Data Warehouse Tuning: The Supremacy of Bitmap Index,1.182344038074642
Machine learning and the physical sciences,1.1775570019782649
Conceptual Data Warehouse Design,1.1735108923037434
Data science in data librarianship: Core competencies of a data librarian,1.1730569970651306
A Systematic Review on Supervised and Unsupervised Machine Learning Algorithms for Data Science,1.1685731488219735
Visualizing Semantic Data,1.1668950653479382
On Hyperparameter Optimization of Machine Learning Algorithms: Theory and Practice,1.1660598753290865
The ecoinvent database version 3 (part I): overview and methodology,1.1649993376464236
Introducing EzTaxon-e: a prokaryotic 16S rRNA gene sequence database with phylotypes that represent uncultured species.,1.1627545155120675
Spectral Methods for Data Science: A Statistical Perspective,1.1622621482958257
The 9 Pitfalls of Data Science,1.1590393027062995
AnchorViz: Facilitating Classifier Error Discovery through Interactive Semantic Data Exploration,1.1587508365151638
Spatiotemporal query processing for semantic data stream,1.1570060979426284
Book Reviews: WordNet: An Electronic Lexical Database,1.1471067647196682
miRDB: an online database for prediction of functional microRNA targets,1.1396840156599857
Modern Software Engineering Methodologies Meet Data Warehouse Design: 4WD,1.13025067452018
Machine Learning Interpretability: A Survey on Methods and Metrics,1.130004779610775
CDD/SPARCLE: the conserved domain database in 2020,1.1287460461972079
Federated Machine Learning,1.128629471498519
The InterPro protein families and domains database: 20 years on,1.1285318944933427
"The STRING database in 2011: functional interaction networks of proteins, globally integrated and scored",1.1228776931558695
"Machine Learning Testing: Survey, Landscapes and Horizons",1.1176480267794267
Rich feature hierarchies for accurate object detection and semantic segmentation,1.1161826990647798
Fashion-MNIST: a Novel Image Dataset for Benchmarking Machine Learning Algorithms,1.1115866597948634
Thumbs up? Sentiment Classification using Machine Learning Techniques,1.1057731327086286
Data science approach to stock prices forecasting in Indonesia during Covid-19 using Long Short-Term Memory (LSTM),1.105534295675537
TRUNCATULIX – a data warehouse for the legume community,1.0988921652829309
Genomics and data science: an application within an umbrella,1.095473906443357
Data Science Support at the Academic Library,1.0940674830138437
Data science applications to string theory,1.0867770813641722
The case for data science in experimental chemistry: examples and recommendations,1.0856909576366258
The Molecular Signatures Database (MSigDB) hallmark gene set collection.,1.0840332537107498
MoleculeNet: a benchmark for molecular machine learning,1.0777440337426727
Schema Evolution for Data Warehouse: A Survey,1.077715372282949
Membership Inference Attacks Against Machine Learning Models,1.074675963084298
Data warehouse testing,1.0648024443215516
Distance geometry and data science,1.0576917100578391
Data Science,1.0559428913013709
Open Data Science,1.0538766710189469
Fairness in Machine Learning,1.0514315142234532
Optimizing data warehouse loading procedures for enabling useful-time data warehousing,1.0489698259418714
VSE++: Improving Visual-Semantic Embeddings with Hard Negatives,1.0486607334880584
"Kimball's Data Warehouse Toolkit Classics: The Data Warehouse Toolkit, 2nd Edition; The Data Warehouse Lifecycle, 2nd Edition; The Data Warehouse ETL Toolk",1.0473358508330206
Classification Based on Decision Tree Algorithm for Machine Learning,1.0466478401085233
Building a Data Warehouse: With Examples in SQL Server,1.0417613522745246
TCMSP: a database of systems pharmacology for drug discovery from herbal medicines,1.0391706271794525
Effective Heart Disease Prediction Using Hybrid Machine Learning Techniques,1.0391343885597266
A business-oriented approach to data warehouse development,1.036884054232914
"A Solution to Plato's Problem: The Latent Semantic Analysis Theory of Acquisition, Induction, and Representation of Knowledge.",1.0354596788321526
Cybersecurity data science: an overview from machine learning perspective,1.0348590133928663
Data Warehouse Refreshment,1.0339621082402612
Double/Debiased Machine Learning for Treatment and Structural Parameters,1.0302346198617376
From Business Intelligence to Semantic Data Stream Management,1.0286259473134463
InterMine: a flexible data warehouse system for the integration and analysis of heterogeneous biological data,1.0243691082763235
Advanced Real-Time Indoor Tracking Based on the Viterbi Algorithm and Semantic Data,1.0177089464181313
New tools in comparative political economy : the database of political institutions,1.0171414725571948
Common pitfalls and recommendations for using machine learning to detect and prognosticate for COVID-19 using chest radiographs and CT scans,1.010677338273174
MRI-Based Brain Tumor Classification Using Ensemble of Deep Features and Machine Learning Classifiers,1.010351699209954
The Cityscapes Dataset for Semantic Urban Scene Understanding,1.0030446449345467
Learning Phrase Representations using RNN Encoder–Decoder for Statistical Machine Translation,0.9897574407228418
Adversarial Machine Learning at Scale,0.9865754292251212
Geographic Data Science,0.9861734011221893
Clinical Use of an Enterprise Data Warehouse,0.9850240516808005
What Is Data Science,0.9841669768019891
Knowledge Reasoning with Semantic Data for Real-Time Data Processing in Smart Factory,0.9835311673613888
Process Mining for Python (PM4Py): Bridging the Gap Between Process- and Data Science,0.982686347679165
Analysis of Data Quality Aspects in Data Warehouse Systems,0.9816829797124844
Freebase: a collaboratively created graph database for structuring human knowledge,0.9746972690615042
Comprehensive database for facial expression analysis,0.9701079147863456
Querying Semantic Data on the Web?,0.9672932308333179
Learning deep structured semantic models for web search using clickthrough data,0.9669098824812651
Data Science,0.9602927333247557
The Data Warehouse Toolkit: The Definitive Guide to Dimensional Modeling,0.9589912254925047
LabelMe: A Database and Web-Based Tool for Image Annotation,0.9557668571975408
Data Warehouse Design: Modern Principles and Methodologies,0.9529475391497193
Human-AI Collaboration in Data Science,0.9516269210352817
GraphScale: Adding Expressive Reasoning to Semantic Data Stores,0.9506483212589516
IMG/M v.5.0: an integrated data management and comparative analysis system for microbial genomes and microbiomes,0.9497043563887873
Data warehouse technology by infobright,0.948144585696602
The COG database: a tool for genome-scale analysis of protein functions and evolution,0.948015980095831
A review of data science in business and industry and a future view,0.9462808198161075
PARCIV: Recognizing physical activities having complex interclass variations using semantic data of smartphone,0.9387379802197322
"Repbase Update, a database of repetitive elements in eukaryotic genomes",0.936142822603942
Physics-informed machine learning,0.9356314101374938
SystemDS: A Declarative Machine Learning System for the End-to-End Data Science Lifecycle,0.9350655202216732
Semantic data mining in the information age: A systematic review,0.923634123680129
Quantum embeddings for machine learning,0.9233602911800602
Power of data in quantum machine learning,0.9221133938048213
Data Warehouse,0.918933466207711
Database resources of the National Center for Biotechnology Information.,0.9156645378269614
Data science and AI in FinTech: an overview,0.9149202821042621
Data Warehouse Performance,0.9097548325376965
Reconciling modern machine-learning practice and the classical bias–variance trade-off,0.9091814518465476
Machine learning for molecular and materials science,0.90546196465085
Semantic Segmentation of Earth Observation Data Using Multimodal and Multi-scale Deep Networks,0.9024890347276677
The Snowflake Elastic Data Warehouse,0.902250507702953
The Essence of Functional Programming on Semantic Data,0.8971873969822518
DEAP: A Database for Emotion Analysis ;Using Physiological Signals,0.8935573430390203
IPD-IMGT/HLA Database,0.8915818032791815
Enhancing XML data warehouse query performance by fragmentation,0.8728070932358519
"Definitions, methods, and applications in interpretable machine learning",0.8702079349483501
Data Science for Local Government,0.867055826313675
Finding Related Tables in Data Lakes for Interactive Data Science,0.8601200379329886
Developing a standardized healthcare cost data warehouse,0.8532748335496614
"Reproducible, interactive, scalable and extensible microbiome data science using QIIME 2",0.8474567399010394
Open Graph Benchmark: Datasets for Machine Learning on Graphs,0.8444953645640112
Pattern Based Feature Construction in Semantic Data Mining,0.8422107201664913
The BioGRID interaction database: 2019 update,0.841915221114717
Curriculum Model Adaptation with Synthetic and Real Data for Semantic Foggy Scene Understanding,0.834720739910084
"Smart Health Intelligent Healthcare Systems in the Metaverse, Artificial Intelligence, and Data Science Era",0.8338764366677682
ACM Task Force on Data Science Education: Draft Report and Opportunity for Feedback,0.8283455813876182
Building the data warehouse,0.8248246875159616
Semantic Data Extraction,0.8196912382459761
Data Warehouse Governance Programs in Healthcare Settings: A Literature Review and a Call to Action,0.8125774870236443
Gapped BLAST and PSI-BLAST: a new generation of protein database search programs.,0.8107923286754919
Bayesian Optimization and Data Science,0.8103499390298807
Datawarehouser: A data warehouse artist who have ability to understand data warehouse schema pictures,0.8100032110863727
The Data Warehouse Lifecycle Toolkit,0.8038157576674689
Cyclotron : Juggling data and queries for a data warehouse audience,0.7838668084794425
The Challenge of Big Data and Data Science,0.7768931841075283
Diversifying the genomic data science research community,0.7749840709802375
"How Data Science Workers Work with Data: Discovery, Capture, Curation, Design, Creation",0.7730532430836407
Theory-Guided Data Science: A New Paradigm for Scientific Discovery from Data,0.7729813004525343
MitoMiner: a data warehouse for mitochondrial proteomics data,0.7713183565056184
Ribosomal Database Project: data and tools for high throughput rRNA analysis,0.7707492640722113
Building an active semantic data warehouse for precision dairy farming,0.7703167482598736
Human-Centered Study of Data Science Work Practices,0.7681476263877904
Effective Use of Synthetic Data for Urban Scene Semantic Segmentation,0.7625157779451215
Big-Data Science in Porous Materials: Materials Genomics and Machine Learning,0.760905091502713
SUN database: Large-scale scene recognition from abbey to zoo,0.7583385818840613
A fast quantum mechanical algorithm for database search,0.7571385823382449
"The Changing Landscape of Machine Learning: A Comparative Analysis of Centralized Machine Learning, Distributed Machine Learning and Federated Machine Learning",0.7553208167005047
"Federated Learning: Collaborative Machine Learning without
Centralized Training Data",0.7515905407503134
Stop explaining black box machine learning models for high stakes decisions and use interpretable models instead,0.7509040328232945
Semantic Communications in Networked Systems: A Data Significance Perspective,0.7387907910044565
Towards the Systematic Reporting of the Energy and Carbon Footprints of Machine Learning,0.7330057655866306
Data Warehouse with Big Data Technology for Higher Education,0.731698731272225
"The role of data science in healthcare advancements: applications, benefits, and future prospects",0.7313242671035698
Data Mining Practical Machine Learning Tools and Techniques,0.7298506157933443
The Data Warehouse Toolkit: The Definitive Guide to Dimensional Modeling,0.7278677851520642
Machine learning - a probabilistic perspective,0.7244379375071887
Plant cis-acting regulatory DNA elements (PLACE) database: 1999,0.7239831883256426
3D Semantic Segmentation with Submanifold Sparse Convolutional Networks,0.722328085988495
"Data Science in Healthcare: Benefits, Challenges and Opportunities",0.716464829728341
Enriching Texture Analysis with Semantic Data,0.716325834977856
Correlation-based Feature Selection for Machine Learning,0.7031214829545359
Gaussian Processes For Machine Learning,0.700298503184401
Data Warehouse From Architecture To Implementation,0.6925982038753251
RangeNet ++: Fast and Accurate LiDAR Semantic Segmentation,0.6869671805254705
HMDB 4.0: the human metabolome database for 2018,0.6804822245948975
Greengenes: Chimera-checked 16S rRNA gene database and workbench compatible in ARB,0.6776252098983977
"DAVID: Database for Annotation, Visualization, and Integrated Discovery",0.6590976424720734
Implicit Semantic Data Augmentation for Deep Networks,0.6469663018330891
Semantic Data Integration,0.6460822416821272
Adversarial Semantic Data Augmentation for Human Pose Estimation,0.6449286842075754
A Survey on Bias and Fairness in Machine Learning,0.6429351463249885
Building the data warehouse,0.6426020893859047
ImageNet: A large-scale hierarchical image database,0.6405076671374956
A new paradigm for accelerating clinical data science at Stanford Medicine,0.6363799119786221
Synthesizing Type-Detection Logic for Rich Semantic Data Types using Open-source Code,0.6360362111877113
"Repbase Update, a database of eukaryotic repetitive elements",0.6322327246773034
Data ethics,0.6284854716229198
The State of the Art of Data Science and Engineering in Structural Health Monitoring,0.628380638514822
Olap aggregation function for textual data warehouse,0.6270667031262908
ChEMBL: a large-scale bioactivity database for drug discovery,0.6190190152111898
"The KiTS19 Challenge Data: 300 Kidney Tumor Cases with Clinical Context, CT Semantic Segmentations, and Surgical Outcomes",0.6139343543545237
A Systematic Approach to Creation of a Perioperative Data Warehouse,0.6124828430377179
Alliance Rules for Data Warehouse Cleansing,0.6116563006734121
Optimization Methods for Large-Scale Machine Learning,0.6115927232223908
Data Warehouse,0.6110016871068565
The Machine‐Learning Approach,0.6053385854185531
Opening practice: supporting reproducibility and critical spatial data science,0.603858385696181
The Ribosomal Database Project: improved alignments and new tools for rRNA analysis,0.6008883862085944
3D Semantic Parsing of Large-Scale Indoor Spaces,0.5991773310726708
Foundations of Data Science,0.5986595846712433
Machine Learning With Python,0.5969454718953876
SecureML: A System for Scalable Privacy-Preserving Machine Learning,0.5937764347348968
The data science life cycle,0.5932158703729168
FuseSeg: Semantic Segmentation of Urban Scenes Based on RGB and Thermal Data Fusion,0.5717936981400682
INDIGO – INtegrated Data Warehouse of MIcrobial GenOmes with Examples from the Red Sea Extremophiles,0.57070866805049
Towards a Programmable Semantic Extract-Transform-Load Framework for Semantic Data Warehouses,0.5697446571810624
Coronavirus disease (COVID-19) cases analysis using machine-learning applications,0.5679155235130326
"Machine Learning: Algorithms, Real-World Applications and Research Directions",0.5611219593589744
"MIMIC-III, a freely accessible critical care database",0.5575723265559006
The SYNTHIA Dataset: A Large Collection of Synthetic Images for Semantic Segmentation of Urban Scenes,0.5547699307656783
Situating Data Science: Exploring How Relationships to Data Shape Learning,0.5532048627545733
2016 update of the PRIDE database and its related tools,0.548352963212939
Semantic data extraction over MQTT for IoTcentric wireless sensor networks,0.547002999566201
FDA: Fourier Domain Adaptation for Semantic Segmentation,0.5420119231350631
A Platform for Urban Analytics and Semantic Data Integration in City Planning,0.5417517943990793
What is Data Science?,0.5415042729658776
Exploring Cross-Image Pixel Contrast for Semantic Segmentation,0.5389377417694239
"Hands-On Machine Learning with Scikit-Learn and TensorFlow: Concepts, Tools, and Techniques to Build Intelligent Systems",0.5369336576115337
The FERET database and evaluation procedure for face-recognition algorithms,0.5366111545521478
Automatic differentiation in machine learning: a survey,0.5364665736857772
Tajo: A distributed data warehouse system on large clusters,0.535142286686063
Foundations of Machine Learning,0.523601380689612
Supervised Machine Learning: A Review of Classification Techniques,0.5121924567242954
MXNet: A Flexible and Efficient Machine Learning Library for Heterogeneous Distributed Systems,0.507012435001841
Realizing the potential of data science,0.5056451141857359
Data Science as Political Action: Grounding Data Science in a Politics of Justice,0.5055887889827912
ResUNet-a: a deep learning framework for semantic segmentation of remotely sensed data,0.5040766545195463
Data Science,0.4980491902804251
Practical Secure Aggregation for Privacy-Preserving Machine Learning,0.49763082132453
IEMOCAP: interactive emotional dyadic motion capture database,0.49031271721098657
Interpretable Machine Learning,0.48905042345530964
Data science from a library and information science perspective,0.48835264982223064
A guide to machine learning for biologists,0.48803822010448367
A Fresh Look at Introductory Data Science,0.4794718560357763
Human Data Science,0.47588346789053904
The AR face database,0.4742656765970877
Using the Semantic Web in digital humanities: Shift from data publishing to data-analysis and serendipitous knowledge discovery,0.4721501791399718
A Database and Evaluation Methodology for Optical Flow,0.4698053066288362
"Improve Performance of Extract, Transform and Load (ETL) in Data Warehouse",0.4684669197787354
That’s So Annoying!!!: A Lexical and Frame-Semantic Embedding Based Data Augmentation Approach to Automatic Categorization of Annoying Behaviors using #petpeeve Tweets,0.45751358993207253
A clinician friendly data warehouse oriented toward narrative reports: Dr. Warehouse,0.4531268199162449
Big Earth Data science: an information framework for a sustainable planet,0.4529725251367173
"Data Architecture: A Primer for the Data Scientist: Big Data, Data Warehouse and Data Vault",0.4415825593318178
Warehouse management system customization and information availability in 3pl companies,0.4337184330995091
The SILVA ribosomal RNA gene database project: improved data processing and web-based tools,0.43071114143582967
Unsupervised Intra-Domain Adaptation for Semantic Segmentation Through Self-Supervision,0.4231133288384882
Stable learning establishes some common ground between causal inference and machine learning,0.42096127370011804
Engineering IoT Healthcare Applications: Towards a Semantic Data Driven Sustainable Architecture,0.4194009987609562
GENEVESTIGATOR. Arabidopsis Microarray Database and Analysis Toolbox1[w],0.4178607108859129
Gene Ontology Consortium: The Gene Ontology (GO) database and informatics resource,0.41722530123034085
Data Science of the Natural Environment: A Research Roadmap,0.4142428440490341
Machine Learning Basics,0.40854874262238444
Machine learning and deep learning,0.4080155301374836
The R Language: An Engine for Bioinformatics and Data Science,0.40728214099525784
From Star Schemas to Big Data: 20+ Years of Data Warehouse Research,0.40540413952975146
Digital twin-driven joint optimisation of packing and storage assignment in large-scale automated high-rise warehouse product-service system,0.40238503982944723
Software Engineering for Machine Learning: A Case Study,0.3994213375133802
Evaluating Data Reliability: An Evidential Answer with Application to a Web-Enabled Data Warehouse,0.39355799397562896
The Data Mining of the Human Resources Data Warehouse in University Based on Association Rule,0.39334068758754426
Applications of machine learning in drug discovery and development,0.3840599576496919
Labeled Faces in the Wild: A Database forStudying Face Recognition in Unconstrained Environments,0.3737905958178728
A Decentralized Architecture for Sharing and Querying Semantic Data,0.3730525990140157
Statistical Foundations of Data Science,0.3696371062435656
ADVENT: Adversarial Entropy Minimization for Domain Adaptation in Semantic Segmentation,0.36530585774902474
C4.5: Programs for Machine Learning,0.36090685075882173
Empirical statistical model to estimate the accuracy of peptide identifications made by MS/MS and database search.,0.3576639419307606
Architecture and Implementation of a Clinical Research Data Warehouse for Prostate Cancer,0.35686267242310493
Teaching Creative and Practical Data Science at Scale,0.35681274407856317
The Pfam protein families database: towards a more sustainable future,0.35533680860433287
A database of human segmented natural images and its application to evaluating segmentation algorithms and measuring ecological statistics,0.3501236348839272
Semantic Earth Observation Data Cubes,0.3491481462789898
Use data warehouse and data mining to predict student academic performance in schools: A case study (perspective application and benefits),0.34221882246787555
SemEval-2017 Task 1: Semantic Textual Similarity Multilingual and Crosslingual Focused Evaluation,0.33819265392384606
CARD 2017: expansion and model-centric curation of the comprehensive antibiotic resistance database,0.33684212791484075
"The STRING database in 2017: quality-controlled protein–protein association networks, made broadly accessible",0.3335850664617128
Machine Learning,0.33137204241134416
A Survey: Data Warehouse Architecture,0.33099993955679624
Pattern Recognition and Machine Learning,0.3304186088307916
RCFile: A fast and space-efficient data placement structure in MapReduce-based warehouse systems,0.3288449367594729
An Enhanced Technique to Clean Data in the Data Warehouse,0.32556793783760674
The Semantic Data Dictionary – An Approach for Describing and Annotating Data,0.3202384753451846
Empirical studies to assess the understandability of data warehouse schemas using structural metrics,0.31339826608844895
Machine Learning for Fluid Mechanics,0.3101308351822135
The COG database: an updated version includes eukaryotes,0.30982634786543956
"COVID-WAREHOUSE: A Data Warehouse of Italian COVID-19, Pollution, and Climate Data",0.3093280956355011
A Data Warehouse Solution for Analyzing RFID-Based Baggage Tracking Data,0.3077276813554758
A proposed model for data warehouse ETL processes,0.30678161703926515
Analisis Data dengan Menggunakan ERD dan Model Konseptual Data Warehouse,0.3055316933271961
Eleven grand challenges in single-cell data science,0.3048036919675174
Data mining-based algorithm for storage location assignment in a randomised warehouse,0.3001981121810377
The Gene Expression Omnibus Database,0.29608293978431116
Flexible automated warehouse: a literature review and an innovative framework,0.2876790263478178
Conceptual Modeling Solutions for the Data Warehouse,0.28307036261918145
Semantic data provisioning and reasoning for the Internet of Things,0.2808515656176691
The Molecular Signatures Database Hallmark Gene Set Collection,0.2788745559763313
Supervised and Unsupervised Learning for Data Science,0.2779361747118035
Database resources of the National Center for Biotechnology Information,0.27574749880442007
DW4TR: A Data Warehouse for Translational Research,0.27390966297955066
Key organizational factors in data warehouse architecture selection,0.2656923756673424
Knowledge-based Biomedical Data Science 2019,0.2653245485607109
"Generation and analysis of a 29,745 unique Expressed Sequence Tags from the Pacific oyster (Crassostrea gigas) assembled into a publicly accessible database: the GigasDatabase",0.26124491206855444
An ontology-guided semantic data integration framework to support integrative data analysis of cancer survival,0.25952171387054535
Machine learning–accelerated computational fluid dynamics,0.257436954716376
Swarm Learning for decentralized and confidential clinical machine learning,0.2573971208112849
Deep visual-semantic alignments for generating image descriptions,0.256558350676763
Underspecification Presents Challenges for Credibility in Modern Machine Learning,0.2564576308023654
Practical Bayesian Optimization of Machine Learning Algorithms,0.25255330683891464
Database resources of the National Center for Biotechnology Information,0.25233351499519563
Probabilistic data association for semantic SLAM,0.2520094369904484
This Paper Is Included in the Proceedings of the 12th Usenix Symposium on Operating Systems Design and Implementation (osdi '16). Tensorflow: a System for Large-scale Machine Learning Tensorflow: a System for Large-scale Machine Learning,0.2426250699752188
Passing the Data Baton: A Retrospective Analysis on Data Science Work and Workers,0.23668760654750812
Leveraging Data Science to Combat COVID-19: A Comprehensive Review,0.23569119288024648
"SemEHR: A general-purpose semantic search system to surface semantic data from clinical notes for tailored care, trial recruitment, and clinical research",0.23458927952660866
A global database of COVID-19 vaccinations,0.22924153565489097
The HMO Research Network Virtual Data Warehouse: A Public Data Model to Support Collaboration,0.22233812813047021
Towards Vagueness-Aware Semantic Data,0.2182542038232518
Gaussian Processes for Machine Learning (Adaptive Computation and Machine Learning),0.21613288446343049
"Medical Big Data Warehouse: Architecture and System Design, a Case Study: Improving Healthcare Resources Distribution",0.21373072926979408
CDD: a Conserved Domain Database for the functional annotation of proteins,0.21315567480697967
Interpretable Machine Learning: Fundamental Principles and 10 Grand Challenges,0.21001166679164393
The carbohydrate-active enzymes database (CAZy) in 2013,0.2076224392330912
Genetic Algorithms in Search Optimization and Machine Learning,0.2045446963173381
CDD: NCBI's conserved domain database,0.2027252626185741
HadoopRDF: A Scalable Semantic Data Analytical Engine,0.19177792145070946
Nucleus segmentation across imaging experiments: the 2018 Data Science Bowl,0.19146701061369073
An empirical study on data warehouse systems effectiveness: the case of Jordanian banks in the business intelligence era,0.18981814698969804
Machine learning and data science in soft materials engineering,0.1843830480590489
Microbiome data science,0.18138457422202883
Data modelling for effective data warehouse architecture and design,0.1790716998261913
Applications of machine learning to machine fault diagnosis: A review and roadmap,0.17721091260891728
Sparse and Dense Data with CNNs: Depth Completion and Semantic Segmentation,0.16878906692696355
Review on web search personalization through semantic data,0.15982134014845464
The Data Warehouse Toolkit: Practical Techniques for Building Dimensional Data Warehouses,0.1538636363636364
"TargetMine, an Integrated Data Warehouse for Candidate Gene Prioritisation and Target Discovery",0.15000000000000002
Semantic Understanding of Scenes Through the ADE20K Dataset,0.15000000000000002
Places: A 10 Million Image Database for Scene Recognition,0.15000000000000002
GTDB-Tk: a toolkit to classify genomes with the Genome Taxonomy Database,0.15000000000000002
The Carbohydrate-Active EnZymes database (CAZy): an expert resource for Glycogenomics,0.15000000000000002
Heidelberg colorectal data set for surgical data science in the sensor operating room,0.15000000000000002
Interrogating Data Science,0.15000000000000002
A Second Chance to Get Causal Inference Right: A Classification of Data Science Tasks,0.15000000000000002
Semantic Data Mining of Financial News Articles,0.15000000000000002
Semantic Data Warehouse Design: From ETL to Deployment à la Carte,0.15000000000000002
