0,1,2
Rich Feature Hierarchies for Accurate Object Detection and Semantic Segmentation,WordNet: A Lexical Database for English,0.20512820512820512
WordNet: A Lexical Database for English,Rich Feature Hierarchies for Accurate Object Detection and Semantic Segmentation,0.20512820512820512
The Carbohydrate-Active EnZymes database (CAZy): an expert resource for Glycogenomics,Human-Centered Study of Data Science Work Practices,0.20454545454545456
Human-Centered Study of Data Science Work Practices,The Carbohydrate-Active EnZymes database (CAZy): an expert resource for Glycogenomics,0.20454545454545456
A review of data science in business and industry and a future view,Machine Learning,0.1951219512195122
Machine Learning,A review of data science in business and industry and a future view,0.1951219512195122
PepeSearch: Semantic Data for the Masses,"PlantCARE, a database of plant cis-acting regulatory elements and a portal to tools for in silico analysis of promoter sequences",0.1951219512195122
"PlantCARE, a database of plant cis-acting regulatory elements and a portal to tools for in silico analysis of promoter sequences",PepeSearch: Semantic Data for the Masses,0.1951219512195122
What is Data Science?,PepeSearch: Semantic Data for the Masses,0.18421052631578946
"A Solution to Plato's Problem: The Latent Semantic Analysis Theory of Acquisition, Induction, and Representation of Knowledge.","MIMIC-III, a freely accessible critical care database",0.18181818181818182
"MIMIC-III, a freely accessible critical care database","A Solution to Plato's Problem: The Latent Semantic Analysis Theory of Acquisition, Induction, and Representation of Knowledge.",0.18181818181818182
CDD: a Conserved Domain Database for the functional annotation of proteins,IMG/M v.5.0: an integrated data management and comparative analysis system for microbial genomes and microbiomes,0.18181818181818182
"Repbase Update, a database of eukaryotic repetitive elements",A Study on Big Data Integration with Data Warehouse,0.18181818181818182
A Study on Big Data Integration with Data Warehouse,"Repbase Update, a database of eukaryotic repetitive elements",0.18181818181818182
IMG/M v.5.0: an integrated data management and comparative analysis system for microbial genomes and microbiomes,CDD: a Conserved Domain Database for the functional annotation of proteins,0.18181818181818182
Correlation-based Feature Selection for Machine Learning,Glossary for public health surveillance in the age of data science,0.17777777777777778
Glossary for public health surveillance in the age of data science,Correlation-based Feature Selection for Machine Learning,0.17777777777777778
Applications of machine learning to machine fault diagnosis: A review and roadmap,LabelMe: A Database and Web-Based Tool for Image Annotation,0.17647058823529413
LabelMe: A Database and Web-Based Tool for Image Annotation,Applications of machine learning to machine fault diagnosis: A review and roadmap,0.17647058823529413
Data warehouse technology by infobright,Convolutional LSTM Network: A Machine Learning Approach for Precipitation Nowcasting,0.175
Convolutional LSTM Network: A Machine Learning Approach for Precipitation Nowcasting,Data warehouse technology by infobright,0.175
"Machine learning: Trends, perspectives, and prospects",Deep visual-semantic alignments for generating image descriptions,0.175
Deep visual-semantic alignments for generating image descriptions,"Machine learning: Trends, perspectives, and prospects",0.175
HMDB 3.0—The Human Metabolome Database in 2013,INDIGO – INtegrated Data Warehouse of MIcrobial GenOmes with Examples from the Red Sea Extremophiles,0.17391304347826086
INDIGO – INtegrated Data Warehouse of MIcrobial GenOmes with Examples from the Red Sea Extremophiles,HMDB 3.0—The Human Metabolome Database in 2013,0.17391304347826086
YeastMine—an integrated data warehouse for Saccharomyces cerevisiae data as a multipurpose tool-kit,Analisis Data dengan Menggunakan ERD dan Model Konseptual Data Warehouse,0.17142857142857143
Analisis Data dengan Menggunakan ERD dan Model Konseptual Data Warehouse,YeastMine—an integrated data warehouse for Saccharomyces cerevisiae data as a multipurpose tool-kit,0.17142857142857143
Learning Semantic Segmentation From Synthetic Data: A Geometrically Guided Input-Output Adaptation Approach,CDD: a Conserved Domain Database for the functional annotation of proteins,0.17073170731707318
On Hyperparameter Optimization of Machine Learning Algorithms: Theory and Practice,CARD 2020: antibiotic resistome surveillance with the comprehensive antibiotic resistance database,0.1702127659574468
CARD 2020: antibiotic resistome surveillance with the comprehensive antibiotic resistance database,On Hyperparameter Optimization of Machine Learning Algorithms: Theory and Practice,0.1702127659574468
dbSNP: the NCBI database of genetic variation,Advanced Data Warehouse Design: From Conventional to Spatial and Temporal Applications,0.16666666666666666
IPD-IMGT/HLA Database,Towards the Systematic Reporting of the Energy and Carbon Footprints of Machine Learning,0.16666666666666666
Database resources of the National Center for Biotechnology Information.,3D Semantic Parsing of Large-Scale Indoor Spaces,0.16666666666666666
Data Science,Data Science Support at the Academic Library,0.16666666666666666
Data Science Support at the Academic Library,Data Science,0.16666666666666666
Advanced Data Warehouse Design: From Conventional to Spatial and Temporal Applications,dbSNP: the NCBI database of genetic variation,0.16666666666666666
Data Warehouse Performance,Machine learning for molecular and materials science,0.16666666666666666
Machine learning for molecular and materials science,Data Warehouse Performance,0.16666666666666666
Towards the Systematic Reporting of the Energy and Carbon Footprints of Machine Learning,IPD-IMGT/HLA Database,0.16666666666666666
3D Semantic Parsing of Large-Scale Indoor Spaces,Database resources of the National Center for Biotechnology Information.,0.16666666666666666
An ontology-guided semantic data integration framework to support integrative data analysis of cancer survival,Human-AI Collaboration in Data Science,0.16279069767441862
Rich feature hierarchies for accurate object detection and semantic segmentation,An introduction to latent semantic analysis,0.16279069767441862
Human-AI Collaboration in Data Science,The Role of Academia in Data Science Education,0.16279069767441862
The Role of Academia in Data Science Education,Human-AI Collaboration in Data Science,0.16279069767441862
An introduction to latent semantic analysis,Rich feature hierarchies for accurate object detection and semantic segmentation,0.16279069767441862
DrugBank 5.0: a major update to the DrugBank database for 2018,Recent advances and applications of machine learning in solid-state materials science,0.16216216216216217
Labeled Faces in the Wild: A Database forStudying Face Recognition in Unconstrained Environments,Data Warehouse Systems: Design and Implementation,0.16216216216216217
Data Warehouse Systems: Design and Implementation,Labeled Faces in the Wild: A Database forStudying Face Recognition in Unconstrained Environments,0.16216216216216217
Recent advances and applications of machine learning in solid-state materials science,DrugBank 5.0: a major update to the DrugBank database for 2018,0.16216216216216217
Data warehouse testing,Federated Machine Learning,0.16216216216216217
Federated Machine Learning,Data warehouse testing,0.16216216216216217
Domain Generalization via Model-Agnostic Learning of Semantic Features,The ChEMBL database in 2017,0.16129032258064516
The ChEMBL database in 2017,Domain Generalization via Model-Agnostic Learning of Semantic Features,0.16129032258064516
Protein backbone angle restraints from searching a database for chemical shift and sequence homology,Towards an Architecture for Managing Big Semantic Data in Real-Time,0.16129032258064516
Towards an Architecture for Managing Big Semantic Data in Real-Time,Protein backbone angle restraints from searching a database for chemical shift and sequence homology,0.16129032258064516
Semantic Data Warehouse Design: From ETL to Deployment à la Carte,Data Warehouse Design: Modern Principles and Methodologies,0.1590909090909091
Data Warehouse Design: Modern Principles and Methodologies,Semantic Data Warehouse Design: From ETL to Deployment à la Carte,0.1590909090909091
Fashion-MNIST: a Novel Image Dataset for Benchmarking Machine Learning Algorithms,Data Science as Political Action: Grounding Data Science in a Politics of Justice,0.1590909090909091
TensorFlow: Large-Scale Machine Learning on Heterogeneous Distributed Systems,CDD/SPARCLE: the conserved domain database in 2020,0.1590909090909091
Gaussian Processes For Machine Learning,Encyclopedia of Database Systems,0.1590909090909091
Big-Data Science in Porous Materials: Materials Genomics and Machine Learning,Rich feature hierarchies for accurate object detection and semantic segmentation,0.1590909090909091
Data Science as Political Action: Grounding Data Science in a Politics of Justice,Fashion-MNIST: a Novel Image Dataset for Benchmarking Machine Learning Algorithms,0.1590909090909091
CDD/SPARCLE: the conserved domain database in 2020,TensorFlow: Large-Scale Machine Learning on Heterogeneous Distributed Systems,0.1590909090909091
Encyclopedia of Database Systems,Gaussian Processes For Machine Learning,0.1590909090909091
ImageNet: A large-scale hierarchical image database,CARD 2020: antibiotic resistome surveillance with the comprehensive antibiotic resistance database,0.15789473684210525
GTDB-Tk: a toolkit to classify genomes with the Genome Taxonomy Database,Data Warehouse and Big Data Integration,0.15789473684210525
The Molecular Signatures Database (MSigDB) hallmark gene set collection.,Developing a standardized healthcare cost data warehouse,0.15789473684210525
Empirical studies to assess the understandability of data warehouse schemas using structural metrics,The R Language: An Engine for Bioinformatics and Data Science,0.15789473684210525
A Survey on Bias and Fairness in Machine Learning,IPD-IMGT/HLA Database,0.15789473684210525
Pattern Recognition and Machine Learning (Information Science and Statistics),Data Science,0.15789473684210525
The R Language: An Engine for Bioinformatics and Data Science,Empirical studies to assess the understandability of data warehouse schemas using structural metrics,0.15789473684210525
Data Science,Pattern Recognition and Machine Learning (Information Science and Statistics),0.15789473684210525
Developing a standardized healthcare cost data warehouse,The Molecular Signatures Database (MSigDB) hallmark gene set collection.,0.15789473684210525
Data Warehouse and Big Data Integration,GTDB-Tk: a toolkit to classify genomes with the Genome Taxonomy Database,0.15789473684210525
Data Science,Towards A Rigorous Science of Interpretable Machine Learning,0.1568627450980392
The impact of the MIT-BIH Arrhythmia Database,Practical Black-Box Attacks against Machine Learning,0.1568627450980392
Using the Semantic Web in digital humanities: Shift from data publishing to data-analysis and serendipitous knowledge discovery,An ontology-guided semantic data integration framework to support integrative data analysis of cancer survival,0.1568627450980392
Towards A Rigorous Science of Interpretable Machine Learning,Data Science,0.1568627450980392
Practical Black-Box Attacks against Machine Learning,The impact of the MIT-BIH Arrhythmia Database,0.1568627450980392
Learning Phrase Representations using RNN Encoder–Decoder for Statistical Machine Translation,Outbreak analytics: a developing data science for informing the response to emerging pathogens,0.15555555555555556
Outbreak analytics: a developing data science for informing the response to emerging pathogens,Learning Phrase Representations using RNN Encoder–Decoder for Statistical Machine Translation,0.15555555555555556
Data Warehouse with Big Data Technology for Higher Education,Regularizing Deep Networks With Semantic Data Augmentation,0.15555555555555556
Regularizing Deep Networks With Semantic Data Augmentation,Data Warehouse with Big Data Technology for Higher Education,0.15555555555555556
FuseSeg: Semantic Segmentation of Urban Scenes Based on RGB and Thermal Data Fusion,Semantic Data Mining of Financial News Articles,0.15555555555555556
Semantic Data Mining of Financial News Articles,FuseSeg: Semantic Segmentation of Urban Scenes Based on RGB and Thermal Data Fusion,0.15555555555555556
SoilGrids250m: Global gridded soil information based on machine learning,Foundations of Data Science,0.15517241379310345
Foundations of Data Science,SoilGrids250m: Global gridded soil information based on machine learning,0.15517241379310345
Underspecification Presents Challenges for Credibility in Modern Machine Learning,A Simple Baseline for Semi-supervised Semantic Segmentation with Strong Data Augmentation*,0.15384615384615385
Semantic data mining in the information age: A systematic review,An ontology-guided semantic data integration framework to support integrative data analysis of cancer survival,0.15384615384615385
Engineering IoT Healthcare Applications: Towards a Semantic Data Driven Sustainable Architecture,CARD 2020: antibiotic resistome surveillance with the comprehensive antibiotic resistance database,0.15384615384615385
A Simple Baseline for Semi-supervised Semantic Segmentation with Strong Data Augmentation*,Underspecification Presents Challenges for Credibility in Modern Machine Learning,0.15384615384615385
GENEVESTIGATOR. Arabidopsis Microarray Database and Analysis Toolbox1[w],Key organizational factors in data warehouse architecture selection,0.15384615384615385
Key organizational factors in data warehouse architecture selection,GENEVESTIGATOR. Arabidopsis Microarray Database and Analysis Toolbox1[w],0.15384615384615385
Leveraging Data Science to Combat COVID-19: A Comprehensive Review,"The MEROPS database of proteolytic enzymes, their substrates and inhibitors in 2017 and a comparison with peptidases in the PANTHER database",0.15217391304347827
Data Science of the Natural Environment: A Research Roadmap,Greengenes: Chimera-checked 16S rRNA gene database and workbench compatible in ARB,0.15217391304347827
Greengenes: Chimera-checked 16S rRNA gene database and workbench compatible in ARB,Data Science of the Natural Environment: A Research Roadmap,0.15217391304347827
"The MEROPS database of proteolytic enzymes, their substrates and inhibitors in 2017 and a comparison with peptidases in the PANTHER database",Leveraging Data Science to Combat COVID-19: A Comprehensive Review,0.15217391304347827
"DAVID: Database for Annotation, Visualization, and Integrated Discovery",SystemDS: A Declarative Machine Learning System for the End-to-End Data Science Lifecycle,0.15151515151515152
Schema Evolution for Data Warehouse: A Survey,Programs for Machine Learning,0.15151515151515152
VHA Corporate Data Warehouse height and weight data: opportunities and challenges for health services research.,Learning Semantic Segmentation From Synthetic Data: A Geometrically Guided Input-Output Adaptation Approach,0.15151515151515152
Data modelling for effective data warehouse architecture and design,Recent advances and applications of machine learning in solid-state materials science,0.15151515151515152
Programs for Machine Learning,Schema Evolution for Data Warehouse: A Survey,0.15151515151515152
SystemDS: A Declarative Machine Learning System for the End-to-End Data Science Lifecycle,"DAVID: Database for Annotation, Visualization, and Integrated Discovery",0.15151515151515152
A Second Chance to Get Causal Inference Right: A Classification of Data Science Tasks,Gaussian Processes For Machine Learning,0.1509433962264151
"Machine Learning in Python: Main developments and technology trends in data science, machine learning, and artificial intelligence",ImageNet: A large-scale hierarchical image database,0.15
"The role of data science in healthcare advancements: applications, benefits, and future prospects",Semantic Data Mining of Financial News Articles,0.15
Opening practice: supporting reproducibility and critical spatial data science,Analisis Data dengan Menggunakan ERD dan Model Konseptual Data Warehouse,0.15
Human Data Science,Semantic Communications in Networked Systems: A Data Significance Perspective,0.15
The InterPro protein families and domains database: 20 years on,Data Warehouse with Big Data Technology for Higher Education,0.15
The HITRAN 2008 molecular spectroscopic database,RCFile: A fast and space-efficient data placement structure in MapReduce-based warehouse systems,0.15
A Decentralized Architecture for Sharing and Querying Semantic Data,GraphScale: Adding Expressive Reasoning to Semantic Data Stores,0.15
GraphScale: Adding Expressive Reasoning to Semantic Data Stores,A Decentralized Architecture for Sharing and Querying Semantic Data,0.15
Semantic Communications in Networked Systems: A Data Significance Perspective,Human Data Science,0.15
Enriching Texture Analysis with Semantic Data,Mob-Warehouse: A Semantic Approach for Mobility Analysis with a Trajectory Data Warehouse,0.15
Mob-Warehouse: A Semantic Approach for Mobility Analysis with a Trajectory Data Warehouse,Enriching Texture Analysis with Semantic Data,0.15
A Data Warehouse Design for a Typical University Information System,Using the Semantic Web in digital humanities: Shift from data publishing to data-analysis and serendipitous knowledge discovery,0.15
RCFile: A fast and space-efficient data placement structure in MapReduce-based warehouse systems,The HITRAN 2008 molecular spectroscopic database,0.15
Geospatial data ontology: the semantic foundation of geospatial data integration and sharing,Gaussian Processes for Machine Learning (Adaptive Computation and Machine Learning),0.14893617021276595
New tools in comparative political economy : the database of political institutions,Unsupervised Intra-Domain Adaptation for Semantic Segmentation Through Self-Supervision,0.14893617021276595
Geographic Data Science,Data Science as Political Action: Grounding Data Science in a Politics of Justice,0.14893617021276595
Gaussian Processes for Machine Learning (Adaptive Computation and Machine Learning),Geospatial data ontology: the semantic foundation of geospatial data integration and sharing,0.14893617021276595
SecureML: A System for Scalable Privacy-Preserving Machine Learning,"Towards GeoSpatial semantic data management: strengths, weaknesses, and challenges ahead",0.14893617021276595
"Towards GeoSpatial semantic data management: strengths, weaknesses, and challenges ahead",SecureML: A System for Scalable Privacy-Preserving Machine Learning,0.14893617021276595
Unsupervised Intra-Domain Adaptation for Semantic Segmentation Through Self-Supervision,New tools in comparative political economy : the database of political institutions,0.14893617021276595
Unsupervised Domain Adaptation for Semantic Segmentation via Class-Balanced Self-training,Developing a standardized healthcare cost data warehouse,0.14814814814814814
Cyclotron : Juggling data and queries for a data warehouse audience,"Repbase Update, a database of eukaryotic repetitive elements",0.14814814814814814
A comprehensive approach to data warehouse testing,The Molecular Signatures Database (MSigDB) hallmark gene set collection.,0.14814814814814814
Veridical data science,SoilGrids250m: Global gridded soil information based on machine learning,0.14814814814814814
Introducing EzBioCloud: a taxonomically united database of 16S rRNA gene sequences and whole-genome assemblies,The COG database: a tool for genome-scale analysis of protein functions and evolution,0.14705882352941177
The COG database: a tool for genome-scale analysis of protein functions and evolution,Introducing EzBioCloud: a taxonomically united database of 16S rRNA gene sequences and whole-genome assemblies,0.14705882352941177
The Ribosomal Database Project: improved alignments and new tools for rRNA analysis,The mnist database of handwritten digits,0.14634146341463414
The mnist database of handwritten digits,The Ribosomal Database Project: improved alignments and new tools for rRNA analysis,0.14634146341463414
"Greengenes, a Chimera-Checked 16S rRNA Gene Database and Workbench Compatible with ARB",Effective Heart Disease Prediction Using Hybrid Machine Learning Techniques,0.14634146341463414
The FERET database and evaluation procedure for face-recognition algorithms,The SYNTHIA Dataset: A Large Collection of Synthetic Images for Semantic Segmentation of Urban Scenes,0.14634146341463414
Effective Heart Disease Prediction Using Hybrid Machine Learning Techniques,"Greengenes, a Chimera-Checked 16S rRNA Gene Database and Workbench Compatible with ARB",0.14634146341463414
In Search of Sustainable Design Patterns: Combining Data Mining and Semantic Data Modelling on Disparate Building Data,Human-AI Collaboration in Data Science,0.14634146341463414
The SYNTHIA Dataset: A Large Collection of Synthetic Images for Semantic Segmentation of Urban Scenes,The FERET database and evaluation procedure for face-recognition algorithms,0.14634146341463414
A Fuzzy Data Warehouse Approach for Web Analytics,Regularizing Deep Networks With Semantic Data Augmentation,0.14634146341463414
Building a Data Warehouse: With Examples in SQL Server,Geographic Data Science,0.14634146341463414
Stop explaining black box machine learning models for high stakes decisions and use interpretable models instead,Domain Generalization via Model-Agnostic Learning of Semantic Features,0.14634146341463414
Machine Learning With Python,Domain Generalization via Model-Agnostic Learning of Semantic Features,0.14634146341463414
ilastik: interactive machine learning for (bio)image analysis,Domain Generalization via Model-Agnostic Learning of Semantic Features,0.14634146341463414
"Data Architecture: A Primer for the Data Scientist: Big Data, Data Warehouse and Data Vault",CARD 2017: expansion and model-centric curation of the comprehensive antibiotic resistance database,0.14583333333333334
Alliance Rules for Data Warehouse Cleansing,From Business Intelligence to Semantic Data Stream Management,0.14583333333333334
Challenges and opportunities in quantum machine learning,Introduction to WordNet: An On-line Lexical Database,0.14583333333333334
Book Reviews: WordNet: An Electronic Lexical Database,The MNIST Database of Handwritten Digit Images for Machine Learning Research [Best of the Web],0.14583333333333334
The Cambridge Structural Database: a quarter of a million crystal structures and rising.,Data Science for Local Government,0.14583333333333334
Introduction to WordNet: An On-line Lexical Database,Challenges and opportunities in quantum machine learning,0.14583333333333334
CARD 2017: expansion and model-centric curation of the comprehensive antibiotic resistance database,"Data Architecture: A Primer for the Data Scientist: Big Data, Data Warehouse and Data Vault",0.14583333333333334
Upscaling urban data science for global climate solutions,Synthesizing Type-Detection Logic for Rich Semantic Data Types using Open-source Code,0.14583333333333334
Data Science for Local Government,The Cambridge Structural Database: a quarter of a million crystal structures and rising.,0.14583333333333334
The Semantic Data Dictionary – An Approach for Describing and Annotating Data,On Hyperparameter Optimization of Machine Learning Algorithms: Theory and Practice,0.14583333333333334
Synthesizing Type-Detection Logic for Rich Semantic Data Types using Open-source Code,Upscaling urban data science for global climate solutions,0.14583333333333334
From Business Intelligence to Semantic Data Stream Management,Alliance Rules for Data Warehouse Cleansing,0.14583333333333334
Exploring exploratory search: a user study with linked semantic data,On Hyperparameter Optimization of Machine Learning Algorithms: Theory and Practice,0.14583333333333334
Fairness in Machine Learning: A Survey,Data Warehouse Refreshment,0.14545454545454545
"The STRING database in 2011: functional interaction networks of proteins, globally integrated and scored",Foundations of Data Science,0.14545454545454545
Data Warehouse Refreshment,Fairness in Machine Learning: A Survey,0.14545454545454545
Building the data warehouse,miRDB: an online database for prediction of functional microRNA targets,0.14285714285714285
Data mining-based algorithm for storage location assignment in a randomised warehouse,A Solution to the Network Challenges of Data Recovery in Erasure-coded Distributed Storage Systems: A Study on the Facebook Warehouse Cluster,0.14285714285714285
"Reproduction for academic, not-for profit purposes permitted provided this text is included. A Data Warehouse Architecture for Clinical Data Warehousing",A Second Chance to Get Causal Inference Right: A Classification of Data Science Tasks,0.14285714285714285
A Solution to the Network Challenges of Data Recovery in Erasure-coded Distributed Storage Systems: A Study on the Facebook Warehouse Cluster,Foundations of Data Science,0.14285714285714285
A proposed model for data warehouse ETL processes,A Database and Evaluation Methodology for Optical Flow,0.14285714285714285
Data Warehouse Testing,RCFile: A fast and space-efficient data placement structure in MapReduce-based warehouse systems,0.14285714285714285
The Data Warehouse Lifecycle Toolkit,Power of data in quantum machine learning,0.14285714285714285
Conceptual Modeling Solutions for the Data Warehouse,Counterfactual Explanations for Machine Learning: A Review,0.14285714285714285
Data Driven vs. Metric Driven Data Warehouse Design,Semantic Foggy Scene Understanding with Synthetic Data,0.14285714285714285
From Federated Databases to a Federated Data Warehouse System,Programs for Machine Learning,0.14285714285714285
Machine learning in automated text categorization,Implicit Semantic Data Augmentation for Deep Networks,0.14285714285714285
FedML: A Research Library and Benchmark for Federated Machine Learning,Review on web search personalization through semantic data,0.14285714285714285
Power of data in quantum machine learning,The Data Warehouse Lifecycle Toolkit,0.14285714285714285
miRDB: an online database for prediction of functional microRNA targets,Building the data warehouse,0.14285714285714285
DEAP: A Database for Emotion Analysis ;Using Physiological Signals,Statistical Foundations of Data Science,0.14285714285714285
ChEMBL: a large-scale bioactivity database for drug discovery,The Snowflake Elastic Data Warehouse,0.14285714285714285
"NCBI Reference Sequence (RefSeq): a curated non-redundant sequence database of genomes, transcripts and proteins",Data modelling for effective data warehouse architecture and design,0.14285714285714285
A Database and Evaluation Methodology for Optical Flow,A proposed model for data warehouse ETL processes,0.14285714285714285
Comprehensive database for facial expression analysis,The Machine‐Learning Approach,0.14285714285714285
Counterfactual Explanations for Machine Learning: A Review,Conceptual Modeling Solutions for the Data Warehouse,0.14285714285714285
Interpretable Machine Learning: Fundamental Principles and 10 Grand Challenges,Machine learning for alloys,0.14285714285714285
Machine learning pipeline for battery state-of-health estimation,Data Warehouse Refreshment,0.14285714285714285
Fairness in Machine Learning,Towards A Rigorous Science of Interpretable Machine Learning,0.14285714285714285
The Machine‐Learning Approach,Comprehensive database for facial expression analysis,0.14285714285714285
Machine learning for alloys,Interpretable Machine Learning: Fundamental Principles and 10 Grand Challenges,0.14285714285714285
Implicit Semantic Data Augmentation for Deep Networks,Machine learning in automated text categorization,0.14285714285714285
Semantic Data Integration,"Smart Health Intelligent Healthcare Systems in the Metaverse, Artificial Intelligence, and Data Science Era",0.14285714285714285
Review on web search personalization through semantic data,FedML: A Research Library and Benchmark for Federated Machine Learning,0.14285714285714285
Semantic Foggy Scene Understanding with Synthetic Data,Data Driven vs. Metric Driven Data Warehouse Design,0.14285714285714285
"Smart Health Intelligent Healthcare Systems in the Metaverse, Artificial Intelligence, and Data Science Era",Semantic Data Integration,0.14285714285714285
The case for data science in experimental chemistry: examples and recommendations,Interrogating Data Science,0.14285714285714285
Fixed Point Strategies in Data Science,Data science in data librarianship: Core competencies of a data librarian,0.14285714285714285
Data science and AI in FinTech: an overview,Semantic Communications in Networked Systems: A Data Significance Perspective,0.14285714285714285
Statistical Foundations of Data Science,DEAP: A Database for Emotion Analysis ;Using Physiological Signals,0.14285714285714285
What Is Data Science,A Data Science Framework for Movement,0.14285714285714285
Interrogating Data Science,The case for data science in experimental chemistry: examples and recommendations,0.14285714285714285
Data science in data librarianship: Core competencies of a data librarian,Fixed Point Strategies in Data Science,0.14285714285714285
A Data Science Framework for Movement,What Is Data Science,0.14285714285714285
Distance geometry and data science,Stop explaining black box machine learning models for high stakes decisions and use interpretable models instead,0.14285714285714285
The Snowflake Elastic Data Warehouse,ChEMBL: a large-scale bioactivity database for drug discovery,0.14285714285714285
Big Data Augmentation with Data Warehouse: A Survey,Underspecification Presents Challenges for Credibility in Modern Machine Learning,0.14285714285714285
MouseMine: a new data warehouse for MGI,An introduction to latent semantic analysis,0.14285714285714285
Data science applications to string theory,Fairness in Machine Learning: A Survey,0.14
Passing the Data Baton: A Retrospective Analysis on Data Science Work and Workers,On Hyperparameter Optimization of Machine Learning Algorithms: Theory and Practice,0.14
From Star Schemas to Big Data: 20+ Years of Data Warehouse Research,A Second Chance to Get Causal Inference Right: A Classification of Data Science Tasks,0.14
Optimization and Machine Learning,The Semantic Data Dictionary – An Approach for Describing and Annotating Data,0.14
Machine learning and the physical sciences,Data Science Support at the Academic Library,0.14
Quantum embeddings for machine learning,Semantic data mining in the information age: A systematic review,0.14
Using Ontologies for Semantic Data Integration,Foundations of Data Science,0.14
Semantic data extraction over MQTT for IoTcentric wireless sensor networks,ResUNet-a: a deep learning framework for semantic segmentation of remotely sensed data,0.14
ResUNet-a: a deep learning framework for semantic segmentation of remotely sensed data,Semantic data extraction over MQTT for IoTcentric wireless sensor networks,0.14
Querying Semantic Data on the Web?,An Overview of Data Warehouse and Data Lake in Modern Enterprise Data Management,0.13953488372093023
Rectifying Pseudo Label Learning via Uncertainty Estimation for Domain Adaptive Semantic Segmentation,Finding Related Tables in Data Lakes for Interactive Data Science,0.13953488372093023
The Role of ChatGPT in Data Science: How AI-Assisted Conversational Interfaces Are Revolutionizing the Field,Stable learning establishes some common ground between causal inference and machine learning,0.13953488372093023
Cybersecurity data science: an overview from machine learning perspective,"Machine Learning in Python: Main developments and technology trends in data science, machine learning, and artificial intelligence",0.13953488372093023
Finding Related Tables in Data Lakes for Interactive Data Science,Rectifying Pseudo Label Learning via Uncertainty Estimation for Domain Adaptive Semantic Segmentation,0.13953488372093023
Making data science systems work,Hive - a petabyte scale data warehouse using Hadoop,0.13953488372093023
The State of the Art of Data Science and Engineering in Structural Health Monitoring,An improved method of constructing a database of monthly climate observations and associated high‐resolution grids,0.13953488372093023
An Overview of Data Warehouse and Data Lake in Modern Enterprise Data Management,Querying Semantic Data on the Web?,0.13953488372093023
Semantic Understanding of Scenes Through the ADE20K Dataset,An Overview of Data Warehouse and Data Lake in Modern Enterprise Data Management,0.13953488372093023
Introducing EzTaxon-e: a prokaryotic 16S rRNA gene sequence database with phylotypes that represent uncultured species.,Towards A Rigorous Science of Interpretable Machine Learning,0.13953488372093023
A database of human segmented natural images and its application to evaluating segmentation algorithms and measuring ecological statistics,"Generation and analysis of a 29,745 unique Expressed Sequence Tags from the Pacific oyster (Crassostrea gigas) assembled into a publicly accessible database: the GigasDatabase",0.13953488372093023
An improved method of constructing a database of monthly climate observations and associated high‐resolution grids,The State of the Art of Data Science and Engineering in Structural Health Monitoring,0.13953488372093023
"Generation and analysis of a 29,745 unique Expressed Sequence Tags from the Pacific oyster (Crassostrea gigas) assembled into a publicly accessible database: the GigasDatabase",A database of human segmented natural images and its application to evaluating segmentation algorithms and measuring ecological statistics,0.13953488372093023
Hive - a petabyte scale data warehouse using Hadoop,Making data science systems work,0.13953488372093023
Modern Software Engineering Methodologies Meet Data Warehouse Design: 4WD,Semantic Data Mining of Financial News Articles,0.13953488372093023
Warehouse management system customization and information availability in 3pl companies,Big-Data Science in Porous Materials: Materials Genomics and Machine Learning,0.13953488372093023
Open Graph Benchmark: Datasets for Machine Learning on Graphs,GraphScale: Adding Expressive Reasoning to Semantic Data Stores,0.13953488372093023
Membership Inference Attacks Against Machine Learning Models,Semantic data mining in the information age: A systematic review,0.13953488372093023
Stable learning establishes some common ground between causal inference and machine learning,The Role of ChatGPT in Data Science: How AI-Assisted Conversational Interfaces Are Revolutionizing the Field,0.13953488372093023
A Data Warehouse Solution for Analyzing RFID-Based Baggage Tracking Data,A Platform for Urban Analytics and Semantic Data Integration in City Planning,0.1388888888888889
Enhancing XML data warehouse query performance by fragmentation,Data warehouse testing,0.1388888888888889
Neural Machine Translation by Jointly Learning to Align and Translate,Data science ethical considerations: a systematic literature review and proposed project framework,0.1388888888888889
"Reproducible, interactive, scalable and extensible microbiome data science using QIIME 2",VSE++: Improving Visual-Semantic Embeddings with Hard Negatives,0.1388888888888889
Supervised and Unsupervised Learning for Data Science,data warehouse,0.1388888888888889
Process Mining for Python (PM4Py): Bridging the Gap Between Process- and Data Science,What is Data Science?,0.1388888888888889
Data science ethical considerations: a systematic literature review and proposed project framework,Neural Machine Translation by Jointly Learning to Align and Translate,0.1388888888888889
Realizing the potential of data science,Data science in data librarianship: Core competencies of a data librarian,0.1388888888888889
data warehouse,Supervised and Unsupervised Learning for Data Science,0.1388888888888889
Multimodal Machine Learning: A Survey and Taxonomy,Database resources of the National Center for Biotechnology Information.,0.1388888888888889
Sherlock: A Deep Learning Approach to Semantic Data Type Detection,FDA: Fourier Domain Adaptation for Semantic Segmentation,0.1388888888888889
Visualizing Semantic Data,Encyclopedia of Database Systems,0.1388888888888889
A Platform for Urban Analytics and Semantic Data Integration in City Planning,A Data Warehouse Solution for Analyzing RFID-Based Baggage Tracking Data,0.1388888888888889
FDA: Fourier Domain Adaptation for Semantic Segmentation,Sherlock: A Deep Learning Approach to Semantic Data Type Detection,0.1388888888888889
A survey of loss functions for semantic segmentation,Semantic Autoencoder for Zero-Shot Learning,0.1388888888888889
VSE++: Improving Visual-Semantic Embeddings with Hard Negatives,"Reproducible, interactive, scalable and extensible microbiome data science using QIIME 2",0.1388888888888889
RangeNet ++: Fast and Accurate LiDAR Semantic Segmentation,WordNet: A Lexical Database for English,0.1388888888888889
Semantic Autoencoder for Zero-Shot Learning,A survey of loss functions for semantic segmentation,0.1388888888888889
The HITRAN2012 molecular spectroscopic database,A Database and Evaluation Methodology for Optical Flow,0.1388888888888889
An empirical study on data warehouse systems effectiveness: the case of Jordanian banks in the business intelligence era,"Repbase Update, a database of eukaryotic repetitive elements",0.13793103448275862
CRISP-DM Twenty Years Later: From Data Mining Processes to Data Science Trajectories,"Generation and analysis of a 29,745 unique Expressed Sequence Tags from the Pacific oyster (Crassostrea gigas) assembled into a publicly accessible database: the GigasDatabase",0.13725490196078433
Nucleus segmentation across imaging experiments: the 2018 Data Science Bowl,Sparse and Dense Data with CNNs: Depth Completion and Semantic Segmentation,0.13725490196078433
Open Data Science,MoleculeNet: a benchmark for molecular machine learning,0.13725490196078433
A fast quantum mechanical algorithm for database search,Data Warehouse Governance Programs in Healthcare Settings: A Literature Review and a Call to Action,0.13725490196078433
Data Warehouse Governance Programs in Healthcare Settings: A Literature Review and a Call to Action,A fast quantum mechanical algorithm for database search,0.13725490196078433
Optimizing data warehouse loading procedures for enabling useful-time data warehousing,Data Science Support at the Academic Library,0.13725490196078433
MXNet: A Flexible and Efficient Machine Learning Library for Heterogeneous Distributed Systems,From Business Intelligence to Semantic Data Stream Management,0.13725490196078433
MoleculeNet: a benchmark for molecular machine learning,Open Data Science,0.13725490196078433
Sparse and Dense Data with CNNs: Depth Completion and Semantic Segmentation,Nucleus segmentation across imaging experiments: the 2018 Data Science Bowl,0.13725490196078433
Effective Use of Synthetic Data for Urban Scene Semantic Segmentation,Introduction to WordNet: An On-line Lexical Database,0.13725490196078433
PARCIV: Recognizing physical activities having complex interclass variations using semantic data of smartphone,The Machine‐Learning Approach,0.13636363636363635
AnchorViz: Facilitating Classifier Error Discovery through Interactive Semantic Data Exploration,Semantic Foggy Scene Understanding with Synthetic Data,0.13636363636363635
Learning deep structured semantic models for web search using clickthrough data,Power of data in quantum machine learning,0.13636363636363635
A global database of COVID-19 vaccinations,Realizing the potential of data science,0.13636363636363635
HMDB: A large video database for human motion recognition,"How do Data Science Workers Collaborate? Roles, Workflows, and Tools",0.13636363636363635
"How do Data Science Workers Collaborate? Roles, Workflows, and Tools",HMDB: A large video database for human motion recognition,0.13636363636363635
Toward collaborative open data science in metabolomics using Jupyter Notebooks and cloud computing,Situating Data Science: Exploring How Relationships to Data Shape Learning,0.13636363636363635
Situating Data Science: Exploring How Relationships to Data Shape Learning,Toward collaborative open data science in metabolomics using Jupyter Notebooks and cloud computing,0.13636363636363635
Knowledge-based Biomedical Data Science 2019,The case for data science in experimental chemistry: examples and recommendations,0.13636363636363635
A clinician friendly data warehouse oriented toward narrative reports: Dr. Warehouse,TRUNCATULIX – a data warehouse for the legume community,0.13636363636363635
TRUNCATULIX – a data warehouse for the legume community,A clinician friendly data warehouse oriented toward narrative reports: Dr. Warehouse,0.13636363636363635
"Kimball's Data Warehouse Toolkit Classics: The Data Warehouse Toolkit, 2nd Edition; The Data Warehouse Lifecycle, 2nd Edition; The Data Warehouse ETL Toolk",Rich Feature Hierarchies for Accurate Object Detection and Semantic Segmentation,0.13636363636363635
Adversarial machine learning,Exploring exploratory search: a user study with linked semantic data,0.13636363636363635
Practical Secure Aggregation for Privacy-Preserving Machine Learning,Semi-Supervised Semantic Segmentation with Cross Pseudo Supervision,0.13559322033898305
Semi-Supervised Semantic Segmentation with Cross Pseudo Supervision,Practical Secure Aggregation for Privacy-Preserving Machine Learning,0.13559322033898305
Semantic Data Extraction,Data modelling for effective data warehouse architecture and design,0.13513513513513514
"TargetMine, an Integrated Data Warehouse for Candidate Gene Prioritisation and Target Discovery",The PRIDE database and related tools and resources in 2019: improving support for quantification data,0.13513513513513514
Scikit-learn: Machine Learning in Python,Stable learning establishes some common ground between causal inference and machine learning,0.13513513513513514
"Federated Learning: Collaborative Machine Learning without
Centralized Training Data",The case for data science in experimental chemistry: examples and recommendations,0.13513513513513514
Semantic Graph Convolutional Networks for 3D Human Pose Regression,Empirical studies to assess the understandability of data warehouse schemas using structural metrics,0.13513513513513514
The PRIDE database and related tools and resources in 2019: improving support for quantification data,"TargetMine, an Integrated Data Warehouse for Candidate Gene Prioritisation and Target Discovery",0.13513513513513514
The ecoinvent database version 3 (part I): overview and methodology,Introducing EzBioCloud: a taxonomically united database of 16S rRNA gene sequences and whole-genome assemblies,0.13513513513513514
Genomics and data science: an application within an umbrella,From hype to reality: data science enabling personalized medicine,0.13513513513513514
From hype to reality: data science enabling personalized medicine,Genomics and data science: an application within an umbrella,0.13513513513513514
Machine learning and data science in soft materials engineering,Gapped BLAST and PSI-BLAST: a new generation of protein database search programs.,0.1346153846153846
Flexible automated warehouse: a literature review and an innovative framework,Fairness in Machine Learning: A Survey,0.1346153846153846
Data ethics,SoilGrids250m: Global gridded soil information based on machine learning,0.1346153846153846
Machine learning–accelerated computational fluid dynamics,Towards Vagueness-Aware Semantic Data,0.1346153846153846
Supervised Machine Learning: A Review of Classification Techniques,Using the Semantic Web in digital humanities: Shift from data publishing to data-analysis and serendipitous knowledge discovery,0.1346153846153846
Explainable AI: A Review of Machine Learning Interpretability Methods,A clinician friendly data warehouse oriented toward narrative reports: Dr. Warehouse,0.1346153846153846
Towards Vagueness-Aware Semantic Data,Machine learning–accelerated computational fluid dynamics,0.1346153846153846
3D Semantic Segmentation with Submanifold Sparse Convolutional Networks,Data Science,0.1346153846153846
Database resources of the National Center for Biotechnology Information,Unsupervised Intra-Domain Adaptation for Semantic Segmentation Through Self-Supervision,0.1346153846153846
Gapped BLAST and PSI-BLAST: a new generation of protein database search programs.,Machine learning and data science in soft materials engineering,0.1346153846153846
The use of the area under the ROC curve in the evaluation of machine learning algorithms,Conceptual Modeling Solutions for the Data Warehouse,0.13432835820895522
Swarm Learning for decentralized and confidential clinical machine learning,Towards a Programmable Semantic Extract-Transform-Load Framework for Semantic Data Warehouses,0.13333333333333333
A guide to machine learning for biologists,Realizing the potential of data science,0.13333333333333333
Understanding Machine Learning - From Theory to Algorithms,INDIGO – INtegrated Data Warehouse of MIcrobial GenOmes with Examples from the Red Sea Extremophiles,0.13333333333333333
Reconciling modern machine-learning practice and the classical bias–variance trade-off,miRDB: an online database for prediction of functional microRNA targets,0.13333333333333333
"SemEHR: A general-purpose semantic search system to surface semantic data from clinical notes for tailored care, trial recruitment, and clinical research",TRUNCATULIX – a data warehouse for the legume community,0.13333333333333333
Semantic data mapping technology to solve semantic data problem on heterogeneity aspect,Machine learning and data science in soft materials engineering,0.13333333333333333
Towards a Programmable Semantic Extract-Transform-Load Framework for Semantic Data Warehouses,Swarm Learning for decentralized and confidential clinical machine learning,0.13333333333333333
Spatiotemporal query processing for semantic data stream,Data Warehouse Performance,0.13333333333333333
Probabilistic data association for semantic SLAM,Introducing EzTaxon-e: a prokaryotic 16S rRNA gene sequence database with phylotypes that represent uncultured species.,0.13333333333333333
Towards Data Quality into the Data Warehouse Development,Machine Learning With Python,0.13333333333333333
C4.5: Programs for Machine Learning,Learning Deep Features for Scene Recognition using Places Database,0.13333333333333333
Automating data science,Fairness in Machine Learning,0.13333333333333333
Data science in economics: comprehensive review of advanced machine learning and deep learning methods,Data Science,0.13333333333333333
Bayesian Optimization and Data Science,RangeNet ++: Fast and Accurate LiDAR Semantic Segmentation,0.13333333333333333
ACM Task Force on Data Science Education: Draft Report and Opportunity for Feedback,Learning Deep Features for Scene Recognition using Places Database,0.13333333333333333
Data Warehouse Tuning: The Supremacy of Bitmap Index,Semantic data extraction over MQTT for IoTcentric wireless sensor networks,0.13333333333333333
Semantic Segmentation of Earth Observation Data Using Multimodal and Multi-scale Deep Networks,The SYNTHIA Dataset: A Large Collection of Synthetic Images for Semantic Segmentation of Urban Scenes,0.13333333333333333
HadoopRDF: A Scalable Semantic Data Analytical Engine,dbSNP: the NCBI database of genetic variation,0.13333333333333333
The Cambridge Structural Database,Interpretable Machine Learning: Fundamental Principles and 10 Grand Challenges,0.13333333333333333
"The STRING database in 2017: quality-controlled protein–protein association networks, made broadly accessible",The State of the Art of Data Science and Engineering in Structural Health Monitoring,0.13333333333333333
2016 update of the PRIDE database and its related tools,Active Database Systems Triggers And Rules For Advanced Database Processing The Morgan Kaufmann Series In Data Management Systems,0.13333333333333333
Active Database Systems Triggers And Rules For Advanced Database Processing The Morgan Kaufmann Series In Data Management Systems,2016 update of the PRIDE database and its related tools,0.13333333333333333
Learning Deep Features for Scene Recognition using Places Database,ACM Task Force on Data Science Education: Draft Report and Opportunity for Feedback,0.13333333333333333
The Data Mining of the Human Resources Data Warehouse in University Based on Association Rule,A Second Chance to Get Causal Inference Right: A Classification of Data Science Tasks,0.1320754716981132
Practical Bayesian Optimization of Machine Learning Algorithms,Knowledge Reasoning with Semantic Data for Real-Time Data Processing in Smart Factory,0.1320754716981132
Knowledge Reasoning with Semantic Data for Real-Time Data Processing in Smart Factory,Practical Bayesian Optimization of Machine Learning Algorithms,0.1320754716981132
Data science: a game changer for science and innovation,Algorithmic Government: Automating Public Services and Supporting Civil Servants in using Data Science Technologies,0.1320754716981132
Algorithmic Government: Automating Public Services and Supporting Civil Servants in using Data Science Technologies,Data science: a game changer for science and innovation,0.1320754716981132
Diversifying the genomic data science research community,A Study on Big Data Integration with Data Warehouse,0.13157894736842105
"QIIME 2: Reproducible, interactive, scalable, and extensible microbiome data science",The HMO Research Network Virtual Data Warehouse: A Public Data Model to Support Collaboration,0.13157894736842105
"Our data, our society, our health: A vision for inclusive and transparent health data science in the United Kingdom and beyond",The 9 Pitfalls of Data Science,0.13157894736842105
The 9 Pitfalls of Data Science,"Our data, our society, our health: A vision for inclusive and transparent health data science in the United Kingdom and beyond",0.13157894736842105
The HMO Research Network Virtual Data Warehouse: A Public Data Model to Support Collaboration,"QIIME 2: Reproducible, interactive, scalable, and extensible microbiome data science",0.13157894736842105
This Paper Is Included in the Proceedings of the 12th Usenix Symposium on Operating Systems Design and Implementation (osdi '16). Tensorflow: a System for Large-scale Machine Learning Tensorflow: a System for Large-scale Machine Learning,An Overview of Data Warehouse and Data Lake in Modern Enterprise Data Management,0.13157894736842105
"Reference sequence (RefSeq) database at NCBI: current status, taxonomic expansion, and functional annotation",FDA: Fourier Domain Adaptation for Semantic Segmentation,0.13157894736842105
The COG database: an updated version includes eukaryotes,"TargetMine, an Integrated Data Warehouse for Candidate Gene Prioritisation and Target Discovery",0.13157894736842105
"Automated Machine Learning - Methods, Systems, Challenges",Learning Deep Features for Scene Recognition using Places Database,0.13157894736842105
Building an active semantic data warehouse for precision dairy farming,VHA Corporate Data Warehouse height and weight data: opportunities and challenges for health services research.,0.13157894736842105
COMPARATIVE STUDY OF DATA WAREHOUSE DESIGN APPROACHES : A SURVEY,Analisis Data dengan Menggunakan ERD dan Model Konseptual Data Warehouse,0.13043478260869565
"Improve Performance of Extract, Transform and Load (ETL) in Data Warehouse",LabelMe: A Database and Web-Based Tool for Image Annotation,0.13043478260869565
Foundations of Machine Learning,Human-Centered Study of Data Science Work Practices,0.13043478260869565
Data Mining Practical Machine Learning Tools and Techniques,The HMO Research Network Virtual Data Warehouse: A Public Data Model to Support Collaboration,0.13043478260869565
Interpretable Machine Learning,Data science from a library and information science perspective,0.13043478260869565
A Fresh Look at Introductory Data Science,Hive - a petabyte scale data warehouse using Hadoop,0.13043478260869565
Big Data and data science: A critical review of issues for educational research,The Data Warehouse Lifecycle Toolkit,0.13043478260869565
Data science from a library and information science perspective,Interpretable Machine Learning,0.13043478260869565
That’s So Annoying!!!: A Lexical and Frame-Semantic Embedding Based Data Augmentation Approach to Automatic Categorization of Annoying Behaviors using #petpeeve Tweets,Enhancing XML data warehouse query performance by fragmentation,0.13043478260869565
The carbohydrate-active enzymes database (CAZy) in 2013,Analisis Data dengan Menggunakan ERD dan Model Konseptual Data Warehouse,0.13043478260869565
The Immune Epitope Database (IEDB): 2018 update,Data Mining Practical Machine Learning Tools and Techniques,0.13043478260869565
TRRUST v2: an expanded reference database of human and mouse transcriptional regulatory interactions,Data Warehouse Performance,0.13043478260869565
"The Changing Landscape of Machine Learning: A Comparative Analysis of Centralized Machine Learning, Distributed Machine Learning and Federated Machine Learning",Data Warehouse Testing,0.12962962962962962
ERFNet: Efficient Residual Factorized ConvNet for Real-Time Semantic Segmentation,IEMOCAP: interactive emotional dyadic motion capture database,0.12903225806451613
The Pfam protein families database,Data mining-based algorithm for storage location assignment in a randomised warehouse,0.12903225806451613
IEMOCAP: interactive emotional dyadic motion capture database,ERFNet: Efficient Residual Factorized ConvNet for Real-Time Semantic Segmentation,0.12903225806451613
Health Care and Precision Medicine Research: Analysis of a Scalable Data Science Platform,Learning Semantic Segmentation From Synthetic Data: A Geometrically Guided Input-Output Adaptation Approach,0.12903225806451613
A Systematic Approach to Creation of a Perioperative Data Warehouse,Data science in data librarianship: Core competencies of a data librarian,0.12903225806451613
Data Warehouses Federation as a Single Data Warehouse,From hype to reality: data science enabling personalized medicine,0.12903225806451613
High-Dimensional Probability: An Introduction with Applications in Data Science,Semantic Graph Convolutional Networks for 3D Human Pose Regression,0.1282051282051282
50 Years of Data Science,Towards A Rigorous Science of Interpretable Machine Learning,0.1282051282051282
A Survey: Data Warehouse Architecture,New tools in comparative political economy : the database of political institutions,0.1282051282051282
Joint 2D-3D-Semantic Data for Indoor Scene Understanding,Data Warehouse Performance,0.1282051282051282
Semi-Supervised Semantic Segmentation With Cross-Consistency Training,Fast-SCNN: Fast Semantic Segmentation Network,0.1282051282051282
Use data warehouse and data mining to predict student academic performance in schools: A case study (perspective application and benefits),Recent advances and applications of machine learning in solid-state materials science,0.1282051282051282
MitoMiner: a data warehouse for mitochondrial proteomics data,TensorFlow: Large-Scale Machine Learning on Heterogeneous Distributed Systems,0.1282051282051282
Physics-informed machine learning,Multimodal Machine Learning: A Survey and Taxonomy,0.1282051282051282
Fast-SCNN: Fast Semantic Segmentation Network,Semi-Supervised Semantic Segmentation With Cross-Consistency Training,0.1282051282051282
The IPD-IMGT/HLA Database,The Role of Academia in Data Science Education,0.1276595744680851
Fundamentals of Database Systems,Stable learning establishes some common ground between causal inference and machine learning,0.1276595744680851
"Repbase Update, a database of repetitive elements in eukaryotic genomes",Use data warehouse and data mining to predict student academic performance in schools: A case study (perspective application and benefits),0.1276595744680851
Machine Learning for Fluid Mechanics,MouseMine: a new data warehouse for MGI,0.1276595744680851
Data Shapley: Equitable Valuation of Data for Machine Learning,The 9 Pitfalls of Data Science,0.1276595744680851
"The KiTS19 Challenge Data: 300 Kidney Tumor Cases with Clinical Context, CT Semantic Segmentations, and Surgical Outcomes",Domain Generalization via Model-Agnostic Learning of Semantic Features,0.1276595744680851
Pattern Based Feature Construction in Semantic Data Mining,Interpretable Machine Learning,0.1276595744680851
"Data Science in 2020: Computing, Curricula, and Challenges for the Next 10 Years",Human Data Science,0.1276595744680851
Conceptual Data Warehouse Design,Tajo: A distributed data warehouse system on large clusters,0.1276595744680851
Tajo: A distributed data warehouse system on large clusters,Conceptual Data Warehouse Design,0.1276595744680851
Digital twin-driven joint optimisation of packing and storage assignment in large-scale automated high-rise warehouse product-service system,"Kimball's Data Warehouse Toolkit Classics: The Data Warehouse Toolkit, 2nd Edition; The Data Warehouse Lifecycle, 2nd Edition; The Data Warehouse ETL Toolk",0.1276595744680851
Optimization Methods for Large-Scale Machine Learning,Glossary for public health surveillance in the age of data science,0.1276595744680851
The Data Warehouse Toolkit: The Definitive Guide to Dimensional Modeling,Recent advances and applications of machine learning in solid-state materials science,0.125
An Enhanced Technique to Clean Data in the Data Warehouse,Molecular signatures database (MSigDB) 3.0,0.125
Analysis of Data Quality Aspects in Data Warehouse Systems,Interpretable Machine Learning,0.125
Adversarial Machine Learning at Scale,Gapped BLAST and PSI-BLAST: a new generation of protein database search programs.,0.125
Double/Debiased Machine Learning for Treatment and Structural Parameters,Semantic Communications in Networked Systems: A Data Significance Perspective,0.125
Understanding Machine Learning,Hive - a petabyte scale data warehouse using Hadoop,0.125
Common pitfalls and recommendations for using machine learning to detect and prognosticate for COVID-19 using chest radiographs and CT scans,Learning Semantic Segmentation From Synthetic Data: A Geometrically Guided Input-Output Adaptation Approach,0.125
Extreme Learning Machine for Regression and Multiclass Classification,Passing the Data Baton: A Retrospective Analysis on Data Science Work and Workers,0.125
Software Engineering for Machine Learning: A Case Study,Ribosomal Database Project: data and tools for high throughput rRNA analysis,0.125
"Machine Learning Testing: Survey, Landscapes and Horizons",Conceptual Data Warehouse Design,0.125
Machine Learning in Agriculture: A Review,Outbreak analytics: a developing data science for informing the response to emerging pathogens,0.125
"Semantic data interoperability, digital medicine, and e-health in infectious disease management: a review",DrugBank 5.0: a major update to the DrugBank database for 2018,0.125
Semantic Data Integration for Knowledge Graph Construction at Query Time,Veridical data science,0.125
Learning from Synthetic Data: Addressing Domain Shift for Semantic Segmentation,Machine learning for alloys,0.125
Evaluation of semantic data storages for integrating heterogenous disciplines in automation systems engineering,Enriching Texture Analysis with Semantic Data,0.125
Constrained Language Models Yield Few-Shot Semantic Parsers,Scikit-learn: Machine Learning in Python,0.125
The Pfam protein families database: towards a more sustainable future,Understanding Machine Learning,0.125
Places: A 10 Million Image Database for Scene Recognition,PepeSearch: Semantic Data for the Masses,0.125
The PRIDE database resources in 2022: a hub for mass spectrometry-based proteomics evidences,Enhancing XML data warehouse query performance by fragmentation,0.125
Molecular signatures database (MSigDB) 3.0,An Enhanced Technique to Clean Data in the Data Warehouse,0.125
Ribosomal Database Project: data and tools for high throughput rRNA analysis,Software Engineering for Machine Learning: A Case Study,0.125
SUN database: Large-scale scene recognition from abbey to zoo,Data Mining Practical Machine Learning Tools and Techniques,0.125
Plant cis-acting regulatory DNA elements (PLACE) database: 1999,The use of the area under the ROC curve in the evaluation of machine learning algorithms,0.125
The BioGRID interaction database: 2019 update,"Data Science in Healthcare: Benefits, Challenges and Opportunities",0.125
AutoDS: Towards Human-Centered Automation of Data Science,An improved method of constructing a database of monthly climate observations and associated high‐resolution grids,0.125
"The Art and Practice of Data Science Pipelines: A Comprehensive Study of Data Science Pipelines In Theory, In-The-Small, and In-The-Large",From Federated Databases to a Federated Data Warehouse System,0.125
Heidelberg colorectal data set for surgical data science in the sensor operating room,Data Science as Political Action: Grounding Data Science in a Politics of Justice,0.125
A Systematic Review on Supervised and Unsupervised Machine Learning Algorithms for Data Science,Process Mining for Python (PM4Py): Bridging the Gap Between Process- and Data Science,0.125
The Challenge of Big Data and Data Science,"How do Data Science Workers Collaborate? Roles, Workflows, and Tools",0.125
"Data Science in Healthcare: Benefits, Challenges and Opportunities",The BioGRID interaction database: 2019 update,0.125
Theory-Guided Data Science: A New Paradigm for Scientific Discovery from Data,Data Warehouse,0.125
Data Warehouse,Theory-Guided Data Science: A New Paradigm for Scientific Discovery from Data,0.125
Data Warehouse From Architecture To Implementation,"Reproducible, interactive, scalable and extensible microbiome data science using QIIME 2",0.125
Building a Scalable Data Warehouse with Data Vault 2.0,Stable learning establishes some common ground between causal inference and machine learning,0.125
A new paradigm for accelerating clinical data science at Stanford Medicine,The use of the area under the ROC curve in the evaluation of machine learning algorithms,0.12307692307692308
Coronavirus disease (COVID-19) cases analysis using machine-learning applications,What Is Data Science,0.12280701754385964
MRI-Based Brain Tumor Classification Using Ensemble of Deep Features and Machine Learning Classifiers,Practical Black-Box Attacks against Machine Learning,0.12280701754385964
The data science life cycle,"Towards GeoSpatial semantic data management: strengths, weaknesses, and challenges ahead",0.12244897959183673
"Practitioners Teaching Data Science in Industry and Academia: Expectations, Workflows, and Challenges","The STRING database in 2017: quality-controlled protein–protein association networks, made broadly accessible",0.12244897959183673
Spectral Methods for Data Science: A Statistical Perspective,A survey of loss functions for semantic segmentation,0.12195121951219512
A Survey on Data Pricing: From Economics to Data Science,Enriching Texture Analysis with Semantic Data,0.12195121951219512
Microbiome data science,Opening practice: supporting reproducibility and critical spatial data science,0.12195121951219512
Machine Learning Basics,Graph Data Warehouse: Steps to Integrating Graph Databases Into the Traditional Conceptual Structure of a Data Warehouse,0.12195121951219512
The Essence of Functional Programming on Semantic Data,Data Warehouse with Big Data Technology for Higher Education,0.12195121951219512
Exploring Cross-Image Pixel Contrast for Semantic Segmentation,Clinical Use of an Enterprise Data Warehouse,0.12195121951219512
Graph Data Warehouse: Steps to Integrating Graph Databases Into the Traditional Conceptual Structure of a Data Warehouse,Machine Learning Basics,0.12195121951219512
Clinical Use of an Enterprise Data Warehouse,Exploring Cross-Image Pixel Contrast for Semantic Segmentation,0.12195121951219512
Ubiquitous web navigation through harvesting embedded semantic data: A mobile scenario,A global database of COVID-19 vaccinations,0.12195121951219512
HMDB 4.0: the human metabolome database for 2018,Gaussian Processes for Machine Learning (Adaptive Computation and Machine Learning),0.12195121951219512
TCMSP: a database of systems pharmacology for drug discovery from herbal medicines,Flexible automated warehouse: a literature review and an innovative framework,0.12195121951219512
Gene Ontology Consortium: The Gene Ontology (GO) database and informatics resource,Supervised and Unsupervised Learning for Data Science,0.12195121951219512
ONCOMINE: a cancer microarray database and integrated data-mining platform.,Effective Heart Disease Prediction Using Hybrid Machine Learning Techniques,0.12195121951219512
SCOP: a structural classification of proteins database for the investigation of sequences and structures.,Data Warehouse Systems,0.12121212121212122
Database resources of the National Center for Biotechnology Information,Big Earth Data science: an information framework for a sustainable planet,0.12121212121212122
Big Earth Data science: an information framework for a sustainable planet,"TargetMine, an Integrated Data Warehouse for Candidate Gene Prioritisation and Target Discovery",0.12121212121212122
Data Warehouse Systems,SCOP: a structural classification of proteins database for the investigation of sequences and structures.,0.12121212121212122
A business-oriented approach to data warehouse development,50 Years of Data Science,0.12121212121212122
Materialised view construction in data warehouse for decision making,Data mining-based algorithm for storage location assignment in a randomised warehouse,0.12121212121212122
The Deep Data Warehouse: Link-Based Integration and Enrichment of Warehouse Data and Unstructured Content,Learning Phrase Representations using RNN Encoder–Decoder for Statistical Machine Translation,0.1206896551724138
UCI Repository of machine learning databases,Building a Scalable Data Warehouse with Data Vault 2.0,0.1206896551724138
Pattern Recognition and Machine Learning,Supervised Machine Learning: A Review of Classification Techniques,0.12
Enabling Semantic Search Based on Conceptual Graphs over Encrypted Outsourced Data,An introduction to latent semantic analysis,0.12
Curriculum Model Adaptation with Synthetic and Real Data for Semantic Foggy Scene Understanding,An ontology-guided semantic data integration framework to support integrative data analysis of cancer survival,0.12
Data Cleaning In Data Warehouse: A Survey of Data Pre-processing Techniques and Tools,Challenges and opportunities in quantum machine learning,0.12
Data Warehouse,Protein backbone angle restraints from searching a database for chemical shift and sequence homology,0.11904761904761904
Architecture and Implementation of a Clinical Research Data Warehouse for Prostate Cancer,The PRIDE database resources in 2022: a hub for mass spectrometry-based proteomics evidences,0.11904761904761904
Datawarehouser: A data warehouse artist who have ability to understand data warehouse schema pictures,The BioGRID interaction database: 2019 update,0.11904761904761904
An Introduction to Machine Learning,YeastMine—an integrated data warehouse for Saccharomyces cerevisiae data as a multipurpose tool-kit,0.11904761904761904
Semantic Earth Observation Data Cubes,"The role of data science in healthcare advancements: applications, benefits, and future prospects",0.11904761904761904
"Avogadro: an advanced semantic chemical editor, visualization, and analysis platform",Learning Phrase Representations using RNN Encoder–Decoder for Statistical Machine Translation,0.11904761904761904
The Democratization of Data Science Education,What Is Data Science,0.11864406779661017
Olap aggregation function for textual data warehouse,Data Warehouse,0.11764705882352941
Classification Based on Decision Tree Algorithm for Machine Learning,Cybersecurity data science: an overview from machine learning perspective,0.11764705882352941
Automatic differentiation in machine learning: a survey,Health Care and Precision Medicine Research: Analysis of a Scalable Data Science Platform,0.11764705882352941
Adversarial Semantic Data Augmentation for Human Pose Estimation,Big Earth Data science: an information framework for a sustainable planet,0.11764705882352941
Semantic data mining: A survey of ontology-based approaches,That’s So Annoying!!!: A Lexical and Frame-Semantic Embedding Based Data Augmentation Approach to Automatic Categorization of Annoying Behaviors using #petpeeve Tweets,0.11764705882352941
Semantic data provisioning and reasoning for the Internet of Things,Sparse and Dense Data with CNNs: Depth Completion and Semantic Segmentation,0.11764705882352941
Evaluating Data Reliability: An Evidential Answer with Application to a Web-Enabled Data Warehouse,Developing a standardized healthcare cost data warehouse,0.11764705882352941
Design and application of Internet of things-based warehouse management system for smart logistics,AnchorViz: Facilitating Classifier Error Discovery through Interactive Semantic Data Exploration,0.11764705882352941
Freebase: a collaboratively created graph database for structuring human knowledge,"NCBI Reference Sequence (RefSeq): a curated non-redundant sequence database of genomes, transcripts and proteins",0.11764705882352941
The AR face database,Modern Software Engineering Methodologies Meet Data Warehouse Design: 4WD,0.11764705882352941
The Pfam protein families database,Data Warehouse Systems,0.11627906976744186
The Gene Expression Omnibus Database,Stable learning establishes some common ground between causal inference and machine learning,0.11627906976744186
Applications of machine learning in drug discovery and development,What is Data Science?,0.11627906976744186
The Cityscapes Dataset for Semantic Urban Scene Understanding,The SYNTHIA Dataset: A Large Collection of Synthetic Images for Semantic Segmentation of Urban Scenes,0.11627906976744186
Self-Ensembling With GAN-Based Data Augmentation for Domain Adaptation in Semantic Segmentation,The HITRAN2012 molecular spectroscopic database,0.11627906976744186
Data Recombination for Neural Semantic Parsing,Alliance Rules for Data Warehouse Cleansing,0.11627906976744186
Data Science and Machine Learning,Hive - a petabyte scale data warehouse using Hadoop,0.11627906976744186
What is responsible and sustainable data science?,Data Warehouse,0.11627906976744186
"Medical Big Data Warehouse: Architecture and System Design, a Case Study: Improving Healthcare Resources Distribution",High-Dimensional Probability: An Introduction with Applications in Data Science,0.11627906976744186
The Data Warehouse Toolkit: The Definitive Guide to Dimensional Modeling,TRUNCATULIX – a data warehouse for the legume community,0.11627906976744186
DW4TR: A Data Warehouse for Translational Research,The MNIST Database of Handwritten Digit Images for Machine Learning Research [Best of the Web],0.11627906976744186
"Machine Learning: Algorithms, Real-World Applications and Research Directions",INDIGO – INtegrated Data Warehouse of MIcrobial GenOmes with Examples from the Red Sea Extremophiles,0.11627906976744186
Genetic Algorithms in Search Optimization and Machine Learning,The Deep Data Warehouse: Link-Based Integration and Enrichment of Warehouse Data and Unstructured Content,0.11538461538461539
Machine learning and deep learning,From hype to reality: data science enabling personalized medicine,0.11538461538461539
Argonaute—a database for gene regulation by mammalian microRNAs,Developing a standardized healthcare cost data warehouse,0.11538461538461539
"COVID-WAREHOUSE: A Data Warehouse of Italian COVID-19, Pollution, and Climate Data",A Data Science Framework for Movement,0.11538461538461539
Data Science,FedML: A Research Library and Benchmark for Federated Machine Learning,0.11428571428571428
"Definitions, methods, and applications in interpretable machine learning",Classification Based on Decision Tree Algorithm for Machine Learning,0.11428571428571428
InterMine: a flexible data warehouse system for the integration and analysis of heterogeneous biological data,What is Data Science?,0.11428571428571428
The Data Warehouse Toolkit: The Complete Guide to Dimensional Modeling,A clinician friendly data warehouse oriented toward narrative reports: Dr. Warehouse,0.11363636363636363
Thumbs up? Sentiment Classification using Machine Learning Techniques,DEAP: A Database for Emotion Analysis ;Using Physiological Signals,0.11363636363636363
Machine Learning for High-Speed Corner Detection,A Platform for Urban Analytics and Semantic Data Integration in City Planning,0.11363636363636363
Discovering Semantic Data of Interest from Un-mappable Memory with Confidence,Data Shapley: Equitable Valuation of Data for Machine Learning,0.11363636363636363
The Pfam protein families database in 2019,A guide to machine learning for biologists,0.11363636363636363
ZINC - A Free Database of Commercially Available Compounds for Virtual Screening,miRDB: an online database for prediction of functional microRNA targets,0.11363636363636363
Data science approach to stock prices forecasting in Indonesia during Covid-19 using Long Short-Term Memory (LSTM),Book Reviews: WordNet: An Electronic Lexical Database,0.11320754716981132
Data Management for Data Science - Towards Embedded Analytics,The Data Warehouse Toolkit: The Definitive Guide to Dimensional Modeling,0.11320754716981132
"How Data Science Workers Work with Data: Discovery, Capture, Curation, Design, Creation",Human-Centered Study of Data Science Work Practices,0.1111111111111111
The SILVA ribosomal RNA gene database project: improved data processing and web-based tools,Rich feature hierarchies for accurate object detection and semantic segmentation,0.1111111111111111
Empirical statistical model to estimate the accuracy of peptide identifications made by MS/MS and database search.,"The KiTS19 Challenge Data: 300 Kidney Tumor Cases with Clinical Context, CT Semantic Segmentations, and Surgical Outcomes",0.1111111111111111
CDD: NCBI's conserved domain database,"Machine Learning Testing: Survey, Landscapes and Horizons",0.1111111111111111
Machine Learning Interpretability: A Survey on Methods and Metrics,Genetic Algorithms in Search Optimization and Machine Learning,0.1111111111111111
Advanced Real-Time Indoor Tracking Based on the Viterbi Algorithm and Semantic Data,Data science from a library and information science perspective,0.1111111111111111
The Data Warehouse Toolkit: Practical Techniques for Building Dimensional Data Warehouses,"The STRING database in 2017: quality-controlled protein–protein association networks, made broadly accessible",0.1111111111111111
Machine learning - a probabilistic perspective,GENEVESTIGATOR. Arabidopsis Microarray Database and Analysis Toolbox1[w],0.1111111111111111
Large-Scale Machine Learning with Stochastic Gradient Descent,Bayesian Optimization and Data Science,0.1111111111111111
ADVENT: Adversarial Entropy Minimization for Domain Adaptation in Semantic Segmentation,Glossary for public health surveillance in the age of data science,0.10869565217391304
Model Adaptation with Synthetic and Real Data for Semantic Dense Foggy Scene Understanding,Towards a Programmable Semantic Extract-Transform-Load Framework for Semantic Data Warehouses,0.10810810810810811
Eleven grand challenges in single-cell data science,Places: A 10 Million Image Database for Scene Recognition,0.10810810810810811
Pfam: The protein families database in 2021,Mob-Warehouse: A Semantic Approach for Mobility Analysis with a Trajectory Data Warehouse,0.10638297872340426
Data science for entrepreneurship research: studying demand dynamics for entrepreneurial skills in the Netherlands,IMG/M v.5.0: an integrated data management and comparative analysis system for microbial genomes and microbiomes,0.10526315789473684
SemEval-2017 Task 1: Semantic Textual Similarity Multilingual and Crosslingual Focused Evaluation,MRI-Based Brain Tumor Classification Using Ensemble of Deep Features and Machine Learning Classifiers,0.10416666666666667
The Molecular Signatures Database Hallmark Gene Set Collection,The Role of ChatGPT in Data Science: How AI-Assisted Conversational Interfaces Are Revolutionizing the Field,0.10256410256410256
Building the data warehouse,"Medical Big Data Warehouse: Architecture and System Design, a Case Study: Improving Healthcare Resources Distribution",0.10256410256410256
"Hands-On Machine Learning with Scikit-Learn and TensorFlow: Concepts, Tools, and Techniques to Build Intelligent Systems",The Data Warehouse Toolkit: The Definitive Guide to Dimensional Modeling,0.10256410256410256
Teaching Creative and Practical Data Science at Scale,AutoDS: Towards Human-Centered Automation of Data Science,0.0975609756097561
