authorName,hIndex
A. Bateman,6
R. Finn,6
Aron Marchler-Bauer,6
A. Torralba,5
Jaina Mistry,5
K. Pruitt,5
S. Rizzi,5
M. Golfarelli,5
Margy Ross,4
R. Kimball,4
Gustavo A. Salazar,4
Matloob Qureshi,4
Thomas L. Madden,4
Dakuo Wang,4
J. R. Brister,4
N. Thanki,4
Lon Phan,4
P. Kitts,3
N. O'Leary,3
Terence D. Murphy,3
Avi Kimchi,3
F. Thibaud-Nissen,3
P. Bork,3
D. Natale,3
S. Bryant,3
S. Lathrop,3
Evan E. Bolton,3
Lewis Y. Geer,3
E. Sayers,3
Valerie A. Schneider,3
J. Beck,3
S. Sherry,3
Kathryn Funk,3
Zhiyong Lu,3
Kathi Canese,3
B. Trawick,3
Renata C. Geer,3
M. Gwadz,3
Noreen R. Gonzales,3
M. K. Derbyshire,3
Gabriele H. Marchler,3
C. Lanczycki,3
F. Chitsaz,3
Shennan Lu,3
David I. Hurwitz,3
Chanjuan Zheng,3
Dachuan Zhang,3
R. Yamashita,3
James S. Song,3
Bolei Zhou,3
L. Deng,3
Christos Sakaridis,3
Dengxin Dai,3
S. Eddy,3
J. Mesirov,3
A. Liberzon,3
H. Thorvaldsdóttir,3
P. Hugenholtz,3
D. Wishart,3
Yifeng Liu,3
Craig Knox,3
Anchi Guo,3
Michael Wilson,3
J. Vizcaíno,3
Yasset Pérez-Riverol,3
Silvio C. E. Tosatto,3
E. Sonnhammer,3
Lorna J. Richardson,3
A. Vaisman,3
E. Zimányi,3
T. Tatusova,3
L. Gool,3
Michael J. Muller,3
Casey Dugan,3
E. Pruesse,3
Joslynn S. Lee,3
M. Landrum,3
A. Oliva,3
Àgata Lapedriza,2
Jianxiong Xiao,2
J. Steiner,2
X. Georgiou,2
M. A. Cooper,2
J. Robinson,2
D. J. Barker,2
Samir Passi,2
Jiyao Wang,2
Li Fei-Fei,2
C. Rudin,2
L. Bottou,2
Jordan A. Fish,2
J. Tiedje,2
Benli Chai,2
Donna M. McGarrell,2
J. Cole,2
Qiong Wang,2
S. Roth,2
Kelly M. McGarvey,2
C. Schoch,2
P. Thomas,2
Goran Ceric,2
J. Chun,2
Seok-Hwan Yoon,2
Dzmitry Bahdanau,2
Kyunghyun Cho,2
Yoshua Bengio,2
G. Micklem,2
J. Sullivan,2
M. Davies,2
A. P. Bento,2
A. Gaulton,2
A. Hersey,2
L. Bellis,2
John P. Overington,2
Jon Chambers,2
W. Klimke,2
Minghong Ward,2
Devon Bourexis,2
A. Kuznetsov,2
J. Ostell,2
Simon Hecker,2
Jianqing Fan,2
Longbing Cao,2
R. Tatusov,2
E. Koonin,2
Alexander C. J. Roth,2
M. Simonovic,2
C. V. Mering,2
L. Jensen,2
Damian Szklarczyk,2
Michael Kuhn,2
V. Stodden,2
Donald C. Comeau,2
Sunghwan Kim,2
Vijay Vasudevan,2
Fu Lu,2
J. Jackson,2
O. Kohany,2
T. Landauer,2
N. Beerenwinkel,2
Iqbal H. Sarker,2
G. Miller,2
Kara K. Tsang,2
Arjun N. Sharma,2
Brian P. Alcock,2
Andrew C. Pawlowski,2
A. McArthur,2
F. Brinkman,2
A. Raphenya,2
Cathrine F. Seidelin,2
Eurie L. Hong,2
J. Cherry,2
K. Dolinski,2
R. Balakrishnan,2
Harriet Alexander,2
A. Tripathi,2
Jose A Navas-Molina,2
Kyle C. Weber,2
K. Kang,2
R. Ley,2
C. Huttenhower,2
Luke R. Thompson,2
Samuel L. Peoples,2
I. Koester,2
L. McIver,2
Kevin P. Murphy,2
A. El-Bastawissy,2
Bob Becker,2
Joy Mundy,2
Warren Thornthwaite,2
Cheng Wu,2
Shiji Song,2
Xuran Pan,2
Gao Huang,2
Yulin Wang,2
L. Van Gool,2
Sean Kross,2
J. Leek,2
P. Coggill,2
R. Y. Eberhardt,2
Simon C. Potter,2
A. Mitchell,2
M. Punta,2
J. Tate,2
M. Ghandi,2
P. Tamayo,2
Chet Birger,2
D. Goldberg,2
Eoin L. Brodie,2
T. DeSantis,2
Hsin-Yuan Huang,2
V. Neveu,2
David Arndt,2
R. Mandal,2
A. Scalbert,2
J. Griss,2
A. Brazma,2
S. Hewapathirana,2
A. Csordas,2
D. J. Kundu,2
Gerhard Mayer,2
Jingwen Bai,2
M. Eisenacher,2
Tobias Ternent,2
Mathias Walzer,2
S. Fidler,2
T. Barrett,2
Shriya Raj,2
L. Paladin,2
Lowri Williams,2
S. Chuguransky,2
W. Inmon,2
D. Linstedt,2
D. Maglott,2
M. Schuld,2
M. Schrefl,2
A. Soylu,2
T. Pedersen,2
K. Hose,2
Justin D. Weisz,2
B. Henrissat,2
P. Coutinho,2
V. Lombard,2
Qiang Yang,2
S. Kotsiantis,2
S. Savarese,2
Amir Zamir,2
Iro Armeni,2
J. Álvarez,2
M. Birk,2
L. Coudert,2
J. Hodges,2
B. Drouin,2
Y. Babikov,2
S. Tashkun,2
J. Orphal,2
C. Richard,2
L. Rothman,2
G. Toon,2
I. Gordon,2
R. Gamache,2
P. Bernath,2
V. Boudon,2
A. Campargue,2
A. Jolly,2
S. Massie,2
E. Polovtseva,2
O. Naumenko,2
M. Smith,2
J. Lamouroux,2
V. Devi,2
A. Perrin,2
A. Barbe,2
L. Bizzocchi,2
K. Chance,2
D. Jacquemart,2
A. Nikitin,2
J. Tennyson,2
L. Brown,2
D. Long,2
A. Fayt,2
O. Lyulin,2
E. Cohen,2
C. Mackie,2
S. Mikhailenko,2
H. Müller,2
J. Flaud,2
V. Tyuterev,2
G. Wagner,2
E. Starikova,2
C. T. Brown,2
Benjamin D. Kaehler,2
Matthew R. Dillon,2
P. Torres,2
Stefan Janssen,2
C. Edwardson,2
Massoud Maher,2
R. Sinha,2
J. Bisanz,2
B. Callahan,2
Yunhu Wan,2
M. Langille,2
Z. Xu,2
J. Metcalf,2
E. Alm,2
C. Marotz,2
E. Loftfield,2
Colin J. Brislawn,2
John H. Chase,2
A. Melnik,2
Benjamin M Hillmann,2
J. Caporaso,2
Fernando Vargas,2
Jorden Kreps,2
S. Kelley,2
P. Rosenthal,2
Nicholas A. Bokulich,2
Antonio Gonzalez,2
Jennifer T. Fouquier,2
A. Brejnrod,2
Austin D. Swafford,2
Talima R. Pearson,2
S. Holmes,2
Stephanie B. Orchanian,2
E. Vogtmann,2
D. Gibson,2
C. Duvallet,2
M. Estaki,2
D. Durall,2
R. Knight,2
Yilong Zhang,2
D. Knights,2
Mingxun Wang,2
Kestrel Gorlick,2
J. Rideout,2
Sabah Ul-Hasan,2
Ahmad Turan Naimey,2
K. Bittinger,2
Emily K. Cope,2
Manimozhiyan Arumugam,2
A. Rivers,2
Jiarong Guo,2
G. Douglas,2
Jesse R. Zaneveld,2
A. Shiffer,2
Gabriel A. Al-Ghalith,2
Y. Vázquez-Baeza,2
T. Kosciólek,2
Madeleine Ernst,2
N. Segata,2
G. Huttley,2
Yang Bai,2
S. C. Morgan,2
Michael Shaffer,2
Christopher R. Keefe,2
J. Spear,2
Louis-Félix Nothias,2
H. Holste,2
James T. Morton,2
C. Abnet,2
Lingjing Jiang,2
P. Keim,2
F. Asnicar,2
Se Jin Song,2
D. Petráš,2
Lasse Buur Rasmussen,2
Pauline Trinh,2
Jonathan Warren,2
P. Dorrestein,2
William Walters,2
A. Jarmusch,2
Yong-xin Liu,2
A. Caraballo-Rodríguez,2
A. Willis,2
Daniel McDonald,2
J. Gauglitz,2
P. Turnbaugh,2
Bryan D. Martin,2
M. Preuss,2
Evan Bolyen,2
C. Lozupone,2
A. Marcu,2
Carin Li,2
J. Grant,2
Nazanin Assempour,2
Zinat Sayeeda,2
Y. D. Feunang,2
Tanvir Sajed,2
Allison Pon,2
Daniel Johnson,2
Elvis J. Lo,2
I. Goodfellow,2
Martin G. Seneviratne,2
S. Rangwala,2
W. Hlavina,2
D. Haft,2
P. Tonellato,1
P. Sternberg,1
J. Hirschman,1
M. Costanzo,1
S. Dwight,1
C. Theesfeld,1
S. Y. Rhee,1
T. Berardini,1
R. Nash,1
A. Sethuraman,1
D. Botstein,1
K. Christie,1
S. Engel,1
T. Seigfried,1
B. Feierbach,1
K. Eilbeck,1
R. Kishore,1
P. Gaudet,1
D. Fisk,1
C. Mungall,1
W. Kibbe,1
S. Lewis,1
M. Ashburner,1
P. Jaiswal,1
J. Richter,1
E. Schwarz,1
R. Foulger,1
R. White,1
N. Delacruz,1
S. Mundodi,1
B. Marshall,1
U. California,1
Department of Mathematical Sciences,1
W. Freeman,1
Bryan C. Russell,1
Bradley Voytek,1
Thomas Donoghue,1
Shannon E. Ellis,1
Ralph Kimball,1
Neveen Elgamal,1
G. Galal-Edeen,1
Yann LeCun,1
Corinna Cortes,1
Lidia Contreras-Ochando,1
N. Lachiche,1
José Hernández Orallo,1
Fernando Martínez-Plumed,1
Meelis Kull,1
P. Flach,1
M. J. R. Quintana,1
C. Ferri,1
Yohannes Kurniawan,1
Erwin Ardianto Halim,1
Evans Rs,1
Pierce La,1
Lloyd Jf,1
Chen-Pin Wang,1
Mary Jo Pugh,1
Helen P. Hazuda,1
A. E. Lancaster,1
P. H. Noël,1
Mary J. Bollinger,1
Laurel A. Copeland,1
Ruth A. Perrin,1
Mohammad Rifaie,1
R. Alhajj,1
M. Ridley,1
K. Kianmehr,1
Hongming Zhou,1
Rui Zhang,1
Xiaojian Ding,1
G. Huang,1
A. L. Pinto,1
Helen Beatriz Frota Rozados,1
Alexandre Ribas Semeler,1
Hong Zhang,1
Jin Deng,1
Dan Zhang,1
R. Peng,1
Ira Gooding,1
B. Caffo,1
Zhedong Zheng,1
Yi Yang,1
Ajit Singh,1
A. Sangrador-Vegas,1
Jitendra Malik,1
David R. Martin,1
D. Tal,1
Charless C. Fowlkes,1
Beixin Lin,1
Zu-Hsu Lee,1
Yu Hong,1
S. Drucker,1
N. Chen,1
P. Simard,1
J. Verwey,1
Gonzalo A. Ramos,1
Jina Suh,1
Gabriel Cornilescu,1
F. Delaglio,1
A. Bax,1
M. Assaad,1
J. Gross,1
P. Popovski,1
G. Liva,1
E. Uysal,1
A. Ephremides,1
B. Soret,1
M. Codreanu,1
K. Johansson,1
T. Soleymani,1
Onur Kaya,1
A. Munari,1
A. Comber,1
C. Brunsdon,1
Jamie Taylor,1
Praveen K. Paritosh,1
Tim Sturge,1
Colin Evans,1
K. Bollacker,1
Thomas Huber,1
Neils Larsen,1
Gary L. Andersen,1
Ping Hu,1
Mark Rojas,1
Daniel Dalevi,1
Keith Keller,1
C. Baker,1
Rebecca E. Gasper,1
Aimee Schwab-McCoy,1
E. Brunskill,1
Peter Henderson,1
Joshua Romoff,1
Jie Hu,1
Dan Jurafsky,1
Joelle Pineau,1
Michael L. Brodie,1
M. Peterson,1
Aneri Shah,1
J. Rosenberg,1
C. Weight,1
Zach Edgerton,1
N. Heller,1
Joshua Dean,1
K. Moore,1
A. Kalapara,1
N. Papanikolopoulos,1
Z. Rengel,1
S. Regmi,1
H. Kaluzniak,1
E. Walczak,1
P. Blake,1
M. Tradewell,1
Makinna Oestreich,1
N. Sathianathen,1
R. Tejpaul,1
Shaneabbas Raza,1
A. Sharma,1
G. Tanwar,1
Vishal Gour,1
Weixun Zuo,1
Yuxiang Sun,1
H. Wang,1
Ming Liu,1
N. Varghese,1
Natalia N. Ivanova,1
Anna Ratner,1
Tatyana Smirnova,1
Jinghua Huang,1
S. Jungbluth,1
Marcel Huntemann,1
T. Woyke,1
E. Eloe-Fadrosh,1
I. Chen,1
N. Kyrpides,1
Krishna Palaniappan,1
Ken Chu,1
Edward Kirton,1
J. White,1
Manoj Pillay,1
Rekha Seshadri,1
Jinsong Wang,1
Yang Zou,1
B. V. Vijaya Kumar,1
Zhiding Yu,1
W. Woo,1
Xingjian Shi,1
Hao Wang,1
D. Yeung,1
Zhourong Chen,1
W. Wong,1
N. Nathani,1
Abhishek Singh,1
Patrick J. Coles,1
Guillaume Verdon,1
L. Cincio,1
M. Cerezo,1
D. Lembo,1
R. Rosati,1
Antonella Poggi,1
M. Lenzerini,1
Giuseppe De Giacomo,1
R. Wagner,1
A. Roncato,1
C. Renso,1
R. Trasarti,1
J. Macêdo,1
Alessandra Raffaetà,1
Roman Eisner,1
Faizath Yallou,1
Philip Liu,1
I. Sinelnikov,1
Farid Aziat,1
Edison Dong,1
Timothy Jewison,1
J. Xia,1
Felicity Allen,1
Souhaila Bouatra,1
R. Greiner,1
T. Bjorndahl,1
R. Perez-Pineiro,1
Yannick Djoumbou,1
Daniel Arribas-Bel,1
A. Singleton,1
D. Thakker,1
F. Yang-Turner,1
V. Dimitrova,1
L. Lau,1
Dimoklis Despotakis,1
C. Groom,1
I. Bruno,1
S. Ward,1
M. Lightfoot,1
Avinash Inuganti,1
Şule Yılmaz,1
Enrique Pérez,1
Timo Sachsenberg,1
J. Pfeuffer,1
J. Uszkoreit,1
J. Cox,1
Andrew F. Jarnuczak,1
Shivani Tiwary,1
E. Audain,1
Manuel Bernal Llinares,1
J. Kiros,1
David J. Fleet,1
Fartash Faghri,1
Avrim Blum,1
J. Hopcroft,1
R. Kannan,1
Whitney Newey,1
E. Duflo,1
J. Robins,1
D. Chetverikov,1
Christian Hansen,1
Mert Demirer,1
V. Chernozhukov,1
Sheridan Martini,1
Swapnil Mahajan,1
James A. Overton,1
Bjoern Peters,1
D. Wheeler,1
Sandeep Kumar Dhanda,1
Jason R. Cantrell,1
R. Vita,1
A. Sette,1
J. Saltz,1
Neil I. Dewar,1
François Modave,1
T. George,1
E. Shenkman,1
Qian Li,1
Yi Guo,1
Hansi Zhang,1
J. Bian,1
Emily Clough,1
Daniel Coelho de Castro,1
K. Kamnitsas,1
B. Glocker,1
Q. Dou,1
Cherkeng Heng,1
Kyle W. Karhohs,1
Marzieh Haghighi,1
B. Cimini,1
C. McQuin,1
M. Rohban,1
Juan C. Caicedo,1
Jeanelle Ackerman,1
Anne E Carpenter,1
Tim Becker,1
Shantanu Singh,1
A. Goodman,1
M. Doan,1
Bin Yang,1
A. Nandi,1
Feng Jia,1
Naipeng Li,1
Y. Lei,1
Xinwei Jiang,1
E. M. Pereira,1
Jaime S. Cardoso,1
D. V. Carvalho,1
Hill Dp,1
E. Dimmer,1
Wood,1
R. Apweiler,1
M. Gwinn,1
G. Rubin,1
L. Hannick,1
E. Camon,1
M. Dolan,1
R. L. Chisholm,1
Jennifer I. Clark,1
M. Berriman,1
A. Ireland,1
J. Lomax,1
Lee,1
H. Drabkin,1
J. Blake,1
J. Eppig,1
Gerald M. Rubin,1
C. Bult,1
M. Ringwald,1
D. Barrell,1
M. Harris,1
J. Wortman,1
L. Ni,1
Shangguan Wei,1
E. Ribeiro,1
N. Batjes,1
Marvin N. Wright,1
G. Heuvelink,1
B. Kempen,1
Ichsani Wheeler,1
R. Vargas,1
B. Bauer-Marschallinger,1
M. Kilibarda,1
Jorge Mendes de Jesus,1
X. Geng,1
Aleksandar Blagotić,1
M. Guevara,1
Maria Ruiperez González,1
T. Hengl,1
S. Mantel,1
J. Leenaars,1
R. MacMillan,1
Robin Jia,1
Percy Liang,1
Athira M. Nambiar,1
Divyansh Mundra,1
G. F. Siddiqui,1
Umar Aftab,1
W. Budiharto,1
Li Yang,1
A. Shami,1
Daniel L. Oberski,1
D. Zumstein,1
Daniel Fasel,1
Trevor Darrell,1
Jeff Donahue,1
J. Malik,1
Ross B. Girshick,1
A. Galstyan,1
N. Saxena,1
Ninareh Mehrabi,1
Kristina Lerman,1
Fred Morstatter,1
Yassine Ouali,1
Myriam Tami,1
C. Hudelot,1
Kyle Cranmer,1
I. Cirac,1
Leslie Vogt-Maranto,1
Lenka Zdeborov'a,1
Giuseppe Carleo,1
L. Daudet,1
Naftali Tishby,1
Zeynep Engin,1
P. Treleaven,1
M. E. Merouani,1
El AminAouladAbdelouarit,1
Abdelatif Medouri,1
C. G. Schütz,1
Simon Schausberger,1
Wenguan Wang,1
Tianfei Zhou,1
F. Yu,1
Jifeng Dai,1
E. Konukoglu,1
M. Hanwell,1
G. Hutchison,1
D. Curtis,1
David C. Lonie,1
T. Vandermeersch,1
E. Zurek,1
Maria-Esther Vidal,1
D. Collarana,1
Mikhail Galkin,1
I. Ribón,1
S. Auer,1
C. Lange,1
W. Gruissem,1
Matthias Hirsch-Hoffmann,1
Philip Zimmermann,1
L. Hennig,1
M. Giese,1
A. Waaler,1
Simen Heggestøyl,1
Guillermo Vega-Gorgojo,1
Rudra Pratap Deb Nath,1
A. Schäffer,1
S. Altschul,1
D. Lipman,1
Zheng Zhang,1
Jinghui Zhang,1
W. Miller,1
F. Reisinger,1
Qing-Wei Xu,1
N. del-Toro,1
Ilias Lavidas,1
H. Hermjakob,1
José A. Dianes,1
Rui Wang,1
Xue Xu,1
Yan Li,1
Yonghua Wang,1
Ling Yang,1
Peng Li,1
Jinlong Ru,1
W. Zhou,1
Zihu Guo,1
Bohui Li,1
Chao Huang,1
Yinfeng Yang,1
Pidong Li,1
W. Tao,1
Jinan Wang,1
Alexandre Passos,1
B. Thirion,1
Ron Weiss,1
E. Duchesnay,1
P. Prettenhofer,1
J. Vanderplas,1
Gilles Louppe,1
O. Grisel,1
Alexandre Gramfort,1
V. Michel,1
Fabian Pedregosa,1
G. Varoquaux,1
Mathieu Blondel,1
Ron J. Weiss,1
D. Cournapeau,1
M. Perrot,1
M. Brucher,1
J. Rhee,1
Chao Wu,1
Dongyan Xu,1
X. Zhang,1
Zhiqiang Lin,1
D. Rhodes,1
T. Barrette,1
A. Pandey,1
D. Ghosh,1
K. Shanker,1
Radhika Varambally,1
A. Chinnaiyan,1
Jianjun Yu,1
Nandan P. Deshpande,1
Alexander G. Gray,1
Y. Tausczik,1
Horst Samulowitz,1
P. Ram,1
Werner Geyer,1
Li-wei H. Lehman,1
T. Pollard,1
M. Feng,1
M. Ghassemi,1
Alistair E. W. Johnson,1
Benjamin Moody,1
Lu Shen,1
R. Mark,1
L. Celi,1
Peter Szolovits,1
R. Randriatoamanana,1
Harco Leslie Hendric Spits Wamars,1
Elodie Drula,1
H. G. Ramulu,1
Xiaoyang Wang,1
Yang Liu,1
Songze Li,1
Jinhyun So,1
Chaoyang He,1
R. Raskar,1
Han Qiu,1
Yan Kang,1
M. Annavaram,1
Praneeth Vepakomma,1
P. Zhao,1
S. Avestimehr,1
Hongyi Wang,1
Li Shen,1
Mi Zhang,1
H. Neven,1
M. Mohseni,1
R. Babbush,1
M. Broughton,1
J. McClean,1
S. Boixo,1
I. Brilakis,1
Ozan Sener,1
Martin Fischer,1
Helen Jiang,1
Senthilkumar Mohan,1
Gautam Srivastava,1
Chandrasegar Thirumalai,1
Fabian Ruehle,1
Dhruba Borthakur,1
K. V. Rashmi,1
K. Ramchandran,1
Hairong Kuang,1
Nihar B. Shah,1
Dikang Gu,1
M. S. Aliakbarian,1
L. Petersson,1
M. Salzmann,1
F. Saleh,1
P. D. Causmaecker,1
Felix Mödritscher,1
Elyor Kodirov,1
T. Xiang,1
S. Gong,1
W. Joseph,1
L. Martens,1
D. Plets,1
Jens Trogh,1
Opim Salim Sitompul,1
Mahyuddin K M Nasution,1
Erna Budhiarti Nababan,1
J. J. Harrison,1
J. Hartmann,1
K. Sung,1
D. Chris Benner,1
C. Hill,1
G. Li,1
V. Perevalov,1
R. Le Roy,1
Nabila Berkani,1
Ladjel Bellatreche,1
Selma Khouri,1
John P. Dickerson,1
Keegan E. Hines,1
Sahil Verma,1
Patrick Zschech,1
Christian Janiesch,1
K. Heinrich,1
M. Othman,1
N. Dengen,1
O. Ba-Rukab,1
Arda Yunianta,1
N. Yusof,1
H. Haviluddin,1
Sungbok Lee,1
M. Bulut,1
E. Provost,1
Samuel Kim,1
Chi-Chun Lee,1
Ebrahim (Abe) Kazemzadeh,1
Jeannette N. Chang,1
Shrikanth S. Narayanan,1
C. Busso,1
Ania Cravero Leal,1
J. Trujillo,1
J. Mazón,1
R. R. Silva,1
Chase Williamson,1
Max von Hippel,1
Ii Michael S Robeson,1
J. J. Hooft,1
Annika Reinke,1
S. Speidel,1
T. Adler,1
M. Apitz,1
S. Seidlitz,1
Peter M. Full,1
Tornike Davitashvili,1
J. Gröhl,1
Melanie Schellenberg,1
Patrick Scholz,1
T. Ross,1
H. Kenngott,1
M. Tizabi,1
M. Wagner,1
D. Filimon,1
Hellena Hempe,1
A. Kisilenko,1
Benjamin Müller,1
T. Y. E. Lai,1
Veith Roethlingshoefer,1
M. Mengler,1
Sebastian Bittel,1
B. Müller-Stich,1
T. Tran,1
Matthias Eisenmann,1
Fabian Both,1
Manuela Capek,1
L. Maier-Hein,1
S. Bodenstedt,1
Pierangela Bruno,1
R. Vázquez-Fresno,1
Sandeep Singhal,1
N. Karu,1
Arnau Serra-Cayuela,1
Hasan Badran,1
C. Manach,1
Yongjie Liang,1
Kevin Y. H. Liang,1
M. Berjanskii,1
Feiyue Huang,1
Yanhao Ge,1
Changxin Gao,1
Xinya Chen,1
Xuan Cao,1
Chengjie Wang,1
N. Sang,1
Yanrui Bin,1
Ying Tai,1
Jilin Li,1
Melanie Tory,1
Brittany Fiore-Gartland,1
Anamaria Crisan,1
K.L. Choy,1
K. Ng,1
Y. Lv,1
C.K.M. Lee,1
W. Ho,1
Alexey Kurakin,1
Samy Bengio,1
Elzbieta Malinowski,1
T. Hernandez-Boussard,1
J. Brooks,1
D. Blayney,1
Tina Seto,1
R. Arora,1
P. Pahwa,1
Shubha Bansal,1
S. Athey,1
Peng Cui,1
Elvira Narro Artigot,1
M. Melideo,1
J. Kustra,1
S. Rüping,1
Wessel Kraaij,1
Adrienne Heinrich,1
M. Petkovic,1
Ziawasch Abedjan,1
F. Aarestrup,1
Ernestina Menasalvas Ruiz,1
W. Verachtert,1
Cristóbal Costa Soria,1
S. Consoli,1
N. Boujemaa,1
S. Chatterjea,1
Marija Despenic,1
A. Lojo,1
Dirk Hamelinck,1
John Thoms,1
Roland Roller,1
Gisele Roesems Kerremans,1
S. Campbell,1
Marga Martin Sanchez,1
F. Sasaki,1
M. Romão,1
Paul Czech,1
A. R. González,1
M. Mayer,1
Chiara Garattini,1
N. Stojanović,1
Andrejs Vasiljevs,1
Patricia Casla,1
Wouter Spek,1
D. R. Recupero,1
Roel Wuyts,1
Byunghee Kang,1
Sungho Lee,1
Heonjong Han,1
Michael Chung,1
Eunbeen Kim,1
Dabin Jeong,1
S. Nam,1
Yaeji Kim,1
Ha-eun Jung,1
Jae-Won Cho,1
Muyoung Lee,1
Hyojin Kim,1
Jong-Hoon Kim,1
D. Bae,1
Sangyoung Lee,1
Chan Yeong Kim,1
Sunmo Yang,1
Ayoung Yun,1
Hyeon-Nae Jeon,1
Insuk Lee,1
Bradley C. Boehmke,1
Brandon M. Greenwell,1
F. Doshi-Velez,1
Been Kim,1
G. Mujtaba,1
Muhammad Arif,1
Seokju Lee,1
François Rameau,1
In-So Kweon,1
Inkyu Shin,1
Fei Pan,1
Thilini Ariyachandra,1
H. Watson,1
C. M. Bishop,1
Jason Tsay,1
David Piorkowski,1
Ingrid Lange,1
T. Erickson,1
Q. Liao,1
S. Jarvis,1
E. Eastoe,1
P. Young,1
G. Blair,1
P. Henrys,1
J. Watkins,1
A. Leeson,1
Henry E. Brady,1
Sandra Metzl,1
Michael Opitz,1
Thorsten Liebig,1
V. Vialard,1
Jianfeng Gao,1
Xiaodong He,1
Larry Heck,1
A. Acero,1
Po-Sen Huang,1
Zheng Shao,1
Namit Jain,1
Yin Huai,1
Xiaodong Zhang,1
Zhiwei Xu,1
Yongqiang He,1
Rubao Lee,1
K. Devi,1
T. Kumar,1
Richard McVeigh,1
Tamara Goldfarb,1
Michael DiCuccio,1
B. Rajput,1
Andrei Shkeda,1
O. Blinkova,1
Mathew W. Wright,1
Jinna Choi,1
Michael R. Murphy,1
Eneida L. Hatcher,1
Wenjun Li,1
V. Brover,1
Susan S. Storz,1
Daniel Rausch,1
V. Chetvernin,1
Yīmíng Bào,1
S. Pujar,1
B. Smith-White,1
Patrick Masterson,1
A. Vatsan,1
Craig Wallin,1
C. Farrell,1
Diana Haddad,1
Azat Badretdin,1
R. E. Tully,1
Danso Ako-Adjei,1
Tripti Gupta,1
K. O'Neill,1
Lillian D. Riddick,1
Alex Astashyn,1
O. Ermolaeva,1
Wendy Wu,1
Hanzhen Sun,1
David Webb,1
Eric Cox,1
I. Tolstoy,1
S. Ciufo,1
V. Joardar,1
Vamsi K Kodali,1
B. Robbertse,1
Xuezhi Wang,1
A. Montanari,1
Ghassen Jerfel,1
K. Heller,1
Jonathan Deaton,1
Jacob Eisenstein,1
D. Moldovan,1
C. McLean,1
N. Houlsby,1
Steve Yadlowsky,1
F. Hormozdiari,1
Vivek Natarajan,1
B. Alipanahi,1
T. Yun,1
R. Raman,1
Zachary Nado,1
Yi-An Ma,1
Mario Lucic,1
A. Karthikesalingam,1
R. Sayres,1
T. Osborne,1
Max Vladymyrov,1
Shannon Sequeira,1
A. D'Amour,1
D. Sculley,1
Christopher Nielson,1
Jessica Schrouff,1
Ben Adlam,1
A. Mitani,1
Harini Suresh,1
Kellie Webster,1
Christina Chen,1
Alex Beutel,1
M. Hoffman,1
Shaobo Hou,1
Diana Mincu,1
K. Ramasamy,1
Xiaohua Zhai,1
Victor Veitch,1
C. Rivoire,1
A. Bridge,1
J. Gough,1
H. Mi,1
Christian J. A. Sigrist,1
Ivica Letunic,1
Swaathi Kandasamy,1
Hsin-Yu Chang,1
M. Necci,1
T. Paysan-Lafosse,1
A. P. Pandurangan,1
Gift Nuka,1
C. Orengo,1
I. Sillitoe,1
Cathy H. Wu,1
Matthias Blum,1
Tiago Grego,1
Chris Boursnell,1
K. Forslund,1
Ningze Pang,1
A. Heger,1
J. Clements,1
L. Holm,1
Andrew L. Ferguson,1
W. James Murdoch,1
Karl Kumbier,1
Bin Yu,1
R. Abbasi-Asl,1
Chandan Singh,1
Washington,1
California LosAngeles,1
Tiffany Rolle,1
Honolulu,1
M. Schatz,1
Joseph Wilcox,1
Bethesda.,1
Department of Materials Science,1
S. Hakim,1
Border Biomedical Research Center,1
Ponce,1
Montgomery College,1
Mentewab Ayalew,1
U. Fish,1
M. Campbell,1
D. College,1
Katherine E. L. Cox,1
University of Puerto Rico at Aguadilla,1
Mt,1
Claflin University,1
Andrew Lee,1
Petersburg,1
Pr,1
Carolina,1
National Research Centre Kurchatov Institute,1
Department of Neurobiology,1
B. Department,1
D. Biostatistics,1
F. Tan,1
Wildlife,1
The Genomic Observatories Network,1
Research,1
Natural Sciences Department,1
Biomedical Sciences,1
Flathead Valley Community College,1
Guttman Community College,1
J. University,1
Hi,1
Ava M. Hoffman,1
R. Meller,1
Ca,1
Orangeburg,1
Nashville,1
Jennifer Vessio,1
Xianfa Xie Clovis Community College,1
Turtle Mountain Community College,1
Dc,1
Universidad Ana G. M'endez,1
Department of Math,1
E. Paso,1
Kalispell,1
Chemical,1
L. Best,1
USA.,1
Sourav Roy,1
Carla L. Easter,1
Miguel P. M'endez-Gonz'alez,1
University of Hawaii at Manoa,1
School of Historical Studies,1
Germantown,1
Fresno,1
E. Martinez,1
El Paso Community College,1
Spelman College,1
N. Health,1
Rachel Arnold,1
Carnegie Institution,1
K. Fuller,1
Stephen L Mosher,1
Morehouse School of Medicine,1
New York.,1
Md,1
Fort Lewis College,1
Department of Medical Biology,1
Christina R. Daulton,1
Maria Alvarez,1
Aguadilla,1
Smithsonian Institute National Museum of Natural History,1
Biology,1
Northern Virginia Community College - Alexandria,1
Tuba City,1
Biological Sciences,1
Ga,1
Wi,1
S. Pratap,1
Department of Molecular,1
ScienceTechnology,1
Alexandria,1
Tn,1
Ny,1
Data Science,1
Rockville,1
University of Puerto Rico,1
Onalaska,1
Baltimore.,1
Nv,1
N. Kucher,1
Rosa M Alcazar,1
Atlanta,1
U. O. T. A. E. Paso,1
Johns Hopkins Bloomberg School of Public Health,1
Statistics,1
Sc,1
Biochemistry,1
Nd,1
M. Nishiguchi,1
Belcourt,1
Henderson,1
S. Sen,1
Rachel Saidi,1
K. Watson,1
Co,1
V. S. University,1
Loyda B. M'endez,1
M. M. College,1
K. Chowdhury,1
Cell Biology,1
Department of Embryology,1
J. Sniezek,1
Az,1
Youping Deng,1
W. Westbroek,1
Va,1
D. Chemistry,1
Northwest Indian College,1
Nevada State College,1
Merced,1
Durango,1
D. Microbiology,1
Tx,1
D. Al-Jumeily,1
J. Mustafina,1
A. Hussain,1
A. Aljaaf,1
M. Alloghani,1
M. Taddeo,1
L. Floridi,1
Benjamin Van Durme,1
Adam Pauls,1
J. Eisner,1
Emmanouil Antonios Platanios,1
D. Klein,1
Richard Shin,1
Subhro Roy,1
C. H. Lin,1
Sam Thomson,1
Charles C. Chen,1
Alkis Simitisis,1
Panos Vassiliadis,1
Yunkai Liu,1
Theresa M. Vitolo,1
L. Hirsh,1
Damiano Piovesan,1
A. Smart,1
Sara El-Gebali,1
Aurélien Luciani,1
Yoon-Seong Jeon,1
Sungho Won,1
H. Yi,1
Mincheol Kim,1
Jae-Hak Lee,1
Kihyun Lee,1
Sang-Cheol Park,1
Yong-Joon Cho,1
O. Kim,1
Hyunsoo Na,1
Holger Schwenk,1
B. V. Merrienboer,1
Çaglar Gülçehre,1
Fethi Bougares,1
R. D. da Silva,1
C. H. Williamson,1
J. V. D. van der Hooft,1
Qiyun Zhu,1
S. Gibbons,1
C. Diener,1
M. Robeson,1
Alexis Kalderimis,1
Kim M Rutherford,1
Xavier Watkins,1
Adrian Carr,1
M. Wakeling,1
Radek Stepan,1
Fengyuan Hu,1
R. Lyne,1
Mike Lyne,1
Richard N. Smith,1
J. Aleksić,1
Daniela Butano,1
S. Contrino,1
D. Michalovich,1
S. McGlinchey,1
Yvonne Light,1
B. Al-Lazikani,1
C. T. Bolivar,1
S. Bocconi,1
A. Bozzon,1
A. Psyllidis,1
K. K,1
A. Zasypkin,1
Peter A. Meric,1
Kerry Zbicz,1
I. Karsch-Mizrachi,1
Mark Cavanaugh,1
Brad Holmes,1
Adriana Malheiro,1
Lawrence Fitzpatrick,1
D. Benson,1
Karen Clark,1
Vladimir Soussov,1
Jennifer M. Lee,1
G. Schuler,1
V. Gorelenkov,1
K. Rodarmer,1
Christopher O'Sullivan,1
Alan Graeff,1
Karanjit Siyan,1
Viatcheslav Khotomlianski,1
Colleen J. Bollin,1
Masato Kimura,1
Anatoly Mnev,1
Borys Pierov,1
M. Feolo,1
B. Kattman,1
Vasuki Palanigobu,1
Mark Johnson,1
Michael Kimelman,1
R. Agarwala,1
Carl Leubsdorf,1
A. Panchenko,1
I. Dondoshansky,1
R. Orris,1
Alexandra Soboleva,1
G. Starchenko,1
D. Landsman,1
D. Vakatov,1
K. Todorov,1
E. Yaschenko,1
A. Kotliarov,1
S. Krasnov,1
Chad Charowhas,1
A. R. Javed,1
A. Bashir,1
Suleman Khan,1
M. U. Sarwar,1
F. Kulsoom,1
U. Tariq,1
S. Sax,1
Morgan Kaufmann,1
D. Benner,1
R. J. Roy,1
J. Harrison,1
Gang Li,1
Christian Hill,1
B. Daniel,1
A. Bradley,1
Runze Li,1
Cun-Hui Zhang,1
H. Zou,1
Sumon Biswas,1
Hridesh Rajan,1
Mohammad Wardat,1
A. Yazdani,1
A. Nijholt,1
T. Pun,1
T. Ebrahimi,1
I. Patras,1
Sander Koelstra,1
C. Mühl,1
Jong-Seok Lee,1
M. Soleymani,1
Carl E. Rasmussen,1
Christopher K. I. Williams,1
T. Drummond,1
E. Rosten,1
B. Villazón-Terrazas,1
Jeff Z. Pan,1
Panos Alexopoulos,1
J. R. Quinlan,1
อนิรุธ สืบสิงห์,1
J. Pei,1
T. Poggio,1
Hilde Kuehne,1
Hueihan Jhuang,1
Estíbaliz Garrote,1
Thomas Serre,1
Kraisak Kesorn,1
Chanmee Sirichanya,1
L. Oneto,1
S. Chiappa,1
Doro Edi,1
Stevalin Betshani,1
Michael Y. Galperin,1
Michael I. Jordan,1
T. Mitchell,1
Michelle Wilkerson,1
J. Polman,1
T. Doerks,1
Andrea Franceschini,1
Pablo Minguez,1
M. Stark,1
J. Muller,1
Radford M. Neal,1
Yulia,1
L. Santoso,1
L. Vogt,1
B. Hailpern,1
D. Estrin,1
Padma Raghavan,1
A. Szalay,1
Rob A. Rutenbar,1
Michael J. Franklin,1
M. Martonosi,1
F. Berman,1
Henrik Christensen,1
S. Davidson,1
Miguel A. Martínez-Prieto,1
C. E. Cuesta,1
Javier D. Fernández,1
Raoul de Charette,1
F. Nashashibi,1
M. Jaritz,1
É. Wirbel,1
Xavier Perrotton,1
D. Tiede,1
H. Augustin,1
S. Lang,1
M. Sudmanns,1
A. Ketter,1
D. Ongari,1
S. M. Moosavi,1
B. Smit,1
K. Jablonka,1
Tan,1
Lawrence,1
T. Bernard,1
B. Cantarel,1
C. Rancurel,1
Patrick Prunet,1
C. Fabioux,1
Arnaud Tanguy,1
Dario Moraga,1
Y. Gueguen,1
Michel Mathieu,1
F. Gavory,1
P. Wincker,1
S. Lapègue,1
Elodie Fleury,1
Arnaud Huvet,1
C. Klopp,1
C. Corporeau,1
E. Bachère,1
Jenny Shaw,1
C. Lelong,1
Grace C. Davey,1
Viviane Boulo,1
J. de Lorgeril,1
Christopher Sauvage,1
Jeanne Moal,1
Richard Reinhardt,1
P. Boudry,1
P. Favrel,1
Penelope Lindeque,1
François Moreews,1
Chengliang Liu,1
Shiyong Wang,1
Di Li,1
J. Wan,1
S. Dodge,1
I. Lopez-Gazpio,1
Eneko Agirre,1
Daniel Matthew Cer,1
Mona T. Diab,1
Lucia Specia,1
Jingdong Wang,1
Gang Zeng,1
Yuhui Yuan,1
Xiaokang Chen,1
A. Chiolero,1
D. Buckeridge,1
Carol DeWeese-Scott,1
Jessica H. Fong,1
John B. Anderson,1
M. Omelchenko,1
C. Robertson,1
Zhaoxi Ke,1
M. Mullokandov,1
Naigong Zhang,1
I. Mozetič,1
Anze Vavpetic,1
Miha Grcar,1
N. Lavrač,1
Petra Kralj Novak,1
Benjamin Graham,1
Martin Engelcke,1
L. Maaten,1
Payman Mohassel,1
Yupeng Zhang,1
Weidong Bao,1
K. Kojima,1
N. Salim,1
Munawar,1
R. Ibrahim,1
B. R. Noack,1
S. Brunton,1
P. Koumoutsakos,1
Mark Raasveldt,1
H. Mühleisen,1
S. Brenner,1
T. Hubbard,1
C. Chothia,1
A. Murzin,1
Arati Mohapatro,1
T. K. Das,1
P. Foltz,1
Darrell Laham,1
Hang Zhao,1
Xavier Puig,1
Adela Barriuso,1
R. Accorsi,1
Giulia Baruffaldi,1
R. Manzini,1
M. Hall,1
P. Buche,1
B. Charnomordic,1
Sébastien Destercke,1
Aleix M. Martinez,1
E. Mathieu,1
Esteban Ortiz-Ospina,1
Lucas Rodés-Guirao,1
Joe Hasell,1
Hannah Ritchie,1
Max Roser,1
Cameron Appel,1
Charlie Giattino,1
Yi Zhang,1
Z. Ives,1
K. Hu,1
Madelon Hulsebos,1
César A. Hidalgo,1
Arvind Satyanarayan,1
cCaugatay Demiralp,1
Emanuel Zgraggen,1
Tim Kraska,1
Michiel A. Bakker,1
K. Karra,1
B. Hitz,1
G. Binkley,1
Julie Park,1
Kevin Innerebner,1
Matthias Boehm,1
Arnab Phani,1
Benjamin Rath,1
I. Antonov,1
Mark Dokter,1
Florijan Klezin,1
Stefanie N. Lindstaedt,1
Robert Ginthoer,1
H. Hoos,1
Luc de Raedt,1
Tijl De Bie,1
Padhraic Smyth,1
J. Hernández-Orallo,1
C. Williams,1
H. N. Abduljabbar,1
Ameer Sardar Kwekha-Rashid,1
Bilal S. A. Alhayani,1
Fengxiao Huang,1
Zhangjie Fu,1
Ching-Nung Yang,1
A. Vasilakos,1
Xingming Sun,1
Yeye He,1
Cong Yan,1
S. Virkus,1
E. Garoufallou,1
D. Donoho,1
B. Borah,1
S. Anderson,1
S. Visscher,1
B. Yawn,1
M. Reinalda,1
J. Naessens,1
Alba Consuelo Nieto Lemus,1
Sonia Ordoñez Salinas,1
A. Stamatakis,1
S. Kiełbasa,1
Samuel Aparicio,1
Indu Khatri,1
O. Stegle,1
T. Marschall,1
M. Balvert,1
Luca Pinello,1
Fabian J Theis,1
B. D. Barbanson,1
Sohrab P. Shah,1
Camille Stephan-Otto Attolini,1
B. Lelieveldt,1
A. Cappuccio,1
Thamar Jessurun Lobo,1
A. Saliba,1
E. Szczurek,1
M. Robinson,1
J. Baaijens,1
Lukasz Raczkowski,1
M. Reinders,1
Huan Yang,1
M. Florescu,1
J. Ridder,1
I. Măndoiu,1
A. Somarakis,1
Emma M. Keizer,1
J. Marioni,1
Katharina Jahn,1
Tzu-Hao Kuo,1
V. Guryev,1
Benjamin J. Raphael,1
S. Hicks,1
B. Dutilh,1
J. Korbel,1
A. Mchardy,1
A. Niknejad,1
A. Zelikovsky,1
Johannes Köster,1
G. Corleone,1
Kieran R. Campbell,1
P. Skums,1
Davis J. McCarthy,1
Felix Mölder,1
Alexey M. Kozlov,1
David Lähnemann,1
A. Schönhuth,1
A. Mahfouz,1
C. Vallejos,1
Rens Holmer,1
R. Bastide,1
E. Conchon,1
R. Zgheib,1
K. Miller,1
R. Beckwith,1
Derek Gross,1
C. Fellbaum,1
D. Broadhurst,1
S. Reinke,1
Kevin M. Mendez,1
L. Pritchard,1
Hussein Mohsen,1
Shantao Li,1
Mengting Gu,1
M. Gerstein,1
W. Meyerson,1
Fábio C. P. Navarro,1
Chengfei Yan,1
Dekang Lin,1
Ying-li Tian,1
T. Kanade,1
J. Cohn,1
André Antunes,1
U. Stingl,1
A. Kamau,1
I. Alam,1
Wail Ba alawi,1
V. Bajic,1
Manal Kalkatawi,1
Hao Zhang,1
Lijun Wei,1
Ailin Yu,1
Jiewu Leng,1
Douxi Yan,1
Ge Zhao,1
Ding Zhang,1
Qiang Liu,1
Xin Chen,1
P. Yarza,1
Christian Quast,1
J. Peplies,1
Pelin Yilmaz,1
Jan Gerken,1
Timmy Schweer,1
F. Glöckner,1
B. Somani,1
Dasharathraj K. Shetty,1
R. Paul,1
Vathsala Patil,1
S. Subrahmanya,1
Nithesh Naik,1
B. Hameed,1
Komal Smriti,1
M. Cheatham,1
Catia Pesquita,1
John G. Tate,1
Penny C. Coggill,1
Robert D. Finn,1
Kristoffer Forslund,1
O. L. Gavin,1
Joanne E. Pollington,1
Erik L. L. Sonnhammer,1
Alex Bateman,1
Liisa Holm,1
Sean R. Eddy,1
Prasad Gunasekaran,1
F. Sebastiani,1
Lewis Moffat,1
Joe G. Greener,1
David T. Jones,1
Shaun M. Kandathil,1
Reid Pinchback,1
A. Subramanian,1
Pablo Tamayo,1
P. Jones,1
Kyong-Ho Lee,1
Sangjin Shin,1
Sungkwang Eom,1
S. Curtarolo,1
G. Hart,1
C. Toher,1
Tim Mueller,1
S. Amershi,1
Andrew Begel,1
Thomas Zimmermann,1
C. Bird,1
H. Gall,1
Ece Kamar,1
R. Deline,1
Nachiappan Nagappan,1
Besmira Nushi,1
D. Sardar,1
Laura E. Williams,1
Biren M. Dave,1
Tariq Elsayegh,1
Nicholas Waglechner,1
E. Westman,1
J. Frye,1
Peiyao Guo,1
Timothy A. Johnson,1
Mélanie Courtot,1
Baofeng Jia,1
Raymond Lo,1
B. A. Lago,1
Sheldon K. Pereira,1
Gerard D. Wright,1
Sachin Doshi,1
V. Kapitonov,1
A. Pavlícek,1
J. Walichiewicz,1
J. Jurka,1
P. Klonowski,1
Joseph Pallas,1
N. Shah,1
Ciaran O'Reilly,1
Priyamvada Desai,1
Somalee Datta,1
Wencheng Li,1
Deepa Balraj,1
Joseph Mesterhazy,1
J. Posada,1
Garrick Olson,1
U. Reuter,1
Ferdinánd Filip,1
Shahab S. Band,1
A. Gandomi,1
Puhong Duan,1
A. Mosavi,1
Saeed Nosratabadi,1
João Gama,1
Pedram Ghamisi,1
Congzheng Song,1
M. Stronati,1
R. Shokri,1
Vitaly Shmatikov,1
Erick Oduor,1
Josh Andres,1
Hyung-Ho Seo,1
Sung-min Ha,1
Yeseul Kim,1
Jeongmin Lim,1
Soonjae Kwon,1
M. Piattini,1
H. Sahraoui,1
M. Serrano,1
C. Calero,1
S. Wyder,1
Alberto Santos,1
H. Cook,1
J. Morris,1
N. Doncheva,1
Douglas A. Hosack,1
H. C. Lane,1
R. Lempicki,1
Glynn Dennis,1
Brad T. Sherman,1
Jun Yang,1
Wei Gao,1
Pantelis Linardatos,1
Vasilis Papastefanopoulos,1
Jonathan Claybaugh,1
M. Zukowski,1
Steven Pelley,1
J. Bock,1
Allison W. Lee,1
A. Munir,1
Greg Rahn,1
B. Dageville,1
Ashish Motivala,1
Philipp Unterbrunner,1
D. Engovatov,1
Spyridon Triantafyllis,1
Artin Avanes,1
V. Antonov,1
P. Povinec,1
Thierry Cruanes,1
Jiansheng Huang,1
Martin Hentschel,1
Jamie A. Smith,1
Dmitrii Kochkov,1
Stephan Hoyer,1
Qing Wang,1
M. Brenner,1
Ayya Alieva,1
Zhouxi Wang,1
Jane He,1
Simon Caton,1
C. Haas,1
Nitin Naik,1
Dishita Naik,1
Kolja Henckel,1
Michael Dondrup,1
Helge Küster,1
T. Bekel,1
Tobias Jakobi,1
Kai J. Runte,1
A. Goesmann,1
M. Pfeffer,1
I. Hofer,1
A. Mahajan,1
Eilon Gabel,1
M. Mahbouba,1
Rafal Kern,1
J. Polonsky,1
T. Jombart,1
P. Nouvellet,1
O. Waroux,1
Patricia Prüfer,1
J. Prüfer,1
Chakradhar Bandla,1
Selvakumar Kamatchinathan,1
Anika Frericks-Zipper,1
Shengbo Wang,1
Ananth Prakash,1
D. García-Seisdedos,1
David Mendez,1
A. Leach,1
María P. Magariños,1
Francis Atkinson,1
Elena Cibrián-Uhalte,1
Anneli Karlsson,1
Ines Smit,1
Nathan Dedman,1
G. Papadatos,1
M. Nowotka,1
Prudence Mutowo-Meullenet,1
Y. Ugawa,1
Tomoko Korenaga,1
M. Iwamoto,1
K. Higo,1
Árpád Lajos,1
K. Janosi-Rancz,1
A. Tanweer,1
Katie Shilton,1
Shion Guha,1
Cecilia M. Aragon,1
M. Kogan,1
Gina Neff,1
M. Mary,1
X. Gansel,1
A. Belkum,1
O. Kovalenko,1
S. Biffl,1
D. Winkler,1
Estefanía Serral,1
Richard Mordinyi,1
S. Lloyd,1
N. Killoran,1
Aroosa Ijaz,1
J. Izaac,1
Johan T R,1
Vishal Thomas,1
Nithin Raj,1
Binny S,1
Abhishek V A,1
Dirk P. Kroese,1
T. Taimre,1
Z. Botev,1
Radislav Vaisman,1
Nikolay A. Atanasov,1
Sean L. Bowman,1
George J. Pappas,1
Kostas Daniilidis,1
Eduardo Romera,1
L. Bergasa,1
R. Arroyo,1
Daniel P. Miranker,1
Juan Sequeda,1
M. Arenas,1
Jorge Pérez,1
Claudio Gutiérrez,1
G. He,1
Dong Liang,1
Jie Liu,1
S. Nativi,1
M. Craglia,1
Zeeshan Shirazi,1
M. Pesaresi,1
A. Annoni,1
C. Corbane,1
Lizhe Wang,1
Huadong Guo,1
S. Schade,1
Jianhui Li,1
Xiaosong Huang,1
A. Barrett,1
N. Rawlings,1
Arthur Delapalme,1
A. Neuraz,1
B. Rance,1
Vincent Benoit,1
H. Faour,1
R. Salomon,1
N. Garcelon,1
Anita Burgun-Parenthoine,1
A. Munnich,1
M. Olschimke,1
Xiang Su,1
Altti Ilari Maarala,1
J. Riekki,1
Youssef Bassil,1
M. Steinbach,1
A. Ganguly,1
G. Atluri,1
S. Shekhar,1
N. Samatova,1
James H. Faghmous,1
A. Karpatne,1
A. Banerjee,1
Vipin Kumar,1
Patel Jay,1
Kamlesh Makvana,1
Parth Shah,1
Pinal Shah,1
Shaker El-Sappagh,1
Abdeltawab M. Hendawi,1
Michael Luggen,1
Darren Gale,1
A. Folarin,1
K. Morley,1
Giulia Toti,1
R. Jackson,1
A. Roberts,1
A. Agrawal,1
G. Gorrell,1
I. Kartoglu,1
Clive Stringer,1
Honghan Wu,1
R. Stewart,1
M. Broadbent,1
R. Dobson,1
Zina M. Ibrahim,1
Tyler R. Ross,1
Roy Pardee,1
Daniel Ng,1
Jeffrey S. Brown,1
M. Hornbrook,1
Gene Hart,1
Stanislav Abaimov,1
M. Martellini,1
Byungnam Lim,1
Hyunsik Choi,1
Haemi Yang,1
Y. Chung,1
Jihoon Son,1
Soohyung Kim,1
Hyoseok Ryu,1
Gary Smith,1
J. Cordes,1
Yunqiang Zhu,1
Weirong Li,1
Jia Song,1
Zhiwei Hou,1
Kai Sun,1
Peng Pan,1
Dongxu Wang,1
P. Perdikaris,1
Liu Yang,1
Sifan Wang,1
I. Kevrekidis,1
Lu Lu,1
G. Karniadakis,1
Mutaz M. Al-Debei,1
Manaf Al-Okaily,1
A. Teoh,1
Aws Al-Okaily,1
D. Dou,1
Haishan Liu,1
Rudra P. K. Poudel,1
Stephan Liwicki,1
R. Cipolla,1
O. Teste,1
R. Tournier,1
F. Ravat,1
E. Hyvönen,1
Matthias W. Seeger,1
H. Larochelle,1
Ryan P. Adams,1
Jasper Snoek,1
Stephen R. Gardner,1
Thomas E. Elliott,1
J. Holmes,1
A. Davidson,1
P. La Chance,1
Andrew F. Nelson,1
A. Tari,1
Amina Nouicer,1
A. Sebaa,1
Fatima Chikh,1
Han Xiao,1
Roland Vollgraf,1
Kashif Rasul,1
Gary B. Huang,1
Tamara L. Berg,1
Eric Learned-Miller,1
Marwan A. Mattar,1
S. Marsh,1
Paul Flicek,1
G. Maccari,1
G. Ros,1
Laura Sellart,1
Antonio M. López,1
David Vázquez,1
Joanna Materzynska,1
Phoebe Sengers,1
A. Danyluk,1
C. Servin,1
Paul M. Leidig,1
L. Cassel,1
Amy X. Zhang,1
Sanjay Ghemawat,1
M. Kudlur,1
P. Tucker,1
M. Devin,1
P. Warden,1
Andy Davis,1
M. Isard,1
Martín Abadi,1
Jianmin Chen,1
Yuan Yu,1
R. Monga,1
D. Murray,1
P. Barham,1
Z. Chen,1
J. Dean,1
Sherry Moore,1
Benoit Steiner,1
J. Levenberg,1
Xiaoqiang Zhang,1
G. Irving,1
M. Wicke,1
Tanvir Ahmed,1
Hua Lu,1
H. Cartwright,1
K. Butler,1
D. Davies,1
O. Isayev,1
A. Walsh,1
B. L. Saux,1
S. Lefèvre,1
N. Audebert,1
Zhibin Wang,1
Chunhua Shen,1
Jianlong Yuan,1
Yifan Liu,1
Zhicheng Chen,1
Shiyin Wei,1
Yang Xu,1
Y. Bao,1
Zhiyi Tang,1
Philip J. Guo,1
T. Baltrušaitis,1
Chaitanya Ahuja,1
Louis-Philippe Morency,1
D. Flynn,1
V. Robu,1
Saurabh Saxena,1
D. Roman,1
Michael G. Pecht,1
O. Papaspiliopoulos,1
Amirata Ghorbani,1
James Y. Zou,1
Esteban Muñoz,1
W. Lamb,1
Brenna Walsh,1
A. Baklanov,1
T. McPhearson,1
F. Creutzig,1
R. Dawson,1
X. Bai,1
S. Dhakal,1
S. Lohrey,1
J. Minx,1
G. Giannopoulos,1
Kostas Patroumpas,1
Spiros Athanasiou,1
Aurélien Géron,1
Philip S. Yu,1
R. Irizarry,1
John M. Artz,1
J. Behley,1
C. Stachniss,1
Ignacio Vizzo,1
Andres Milioto,1
Nosheen Nazir,1
Muhammad Gufran Khan,1
Anosh Fatima,1
Mário R. G. Marques,1
S. Botti,1
Miguel A. L. Marques,1
Jonathan Schmidt,1
Mingzhang Yang,1
J. Baker,1
Michael Kholodov,1
Elizabeth M. Smigielski,1
K. Sirotkin,1
M. Schwab,1
M. Maathuis,1
Y. Moreau,1
S. Murphy,1
T. Przytycka,1
Thomas Lengauer,1
H. Fröhlich,1
D. Stekhoven,1
A. Weber,1
B. Zupan,1
H. Röst,1
Jimeng Sun,1
O. Kohlbacher,1
A. Schuppert,1
Santosh Kumar,1
R. Balling,1
M. Rebhan,1
R. Spang,1
D. Ziemek,1
K. Svidt,1
Ekaterina Petrova,1
P. Pauwels,1
R. L. Jensen,1
J. Pesquet,1
P. L. Combettes,1
Agnieszka Lawrynowicz,1
Jedrzej Potoniec,1
Victoria Ellison,1
Mine Çetinkaya-Rundel,1
Yanchao Yang,1
Stefano Soatto,1
R. Socher,1
Jia Deng,1
Wei Dong,1
Li-Jia Li,1
K. Li,1
Carsten Haubold,1
Fynn Beuttenmueller,1
C. Straehle,1
Martin Schiegg,1
F. Hamprecht,1
Thorben Kroeger,1
J. Ales,1
U. Köthe,1
A. Wolny,1
A. Kreshuk,1
Markus Rudy,1
Jaime I Cervantes,1
D. Kutra,1
Buote Xu,1
S. Berg,1
Kemal Eren,1
Chong Zhang,1
T. Beier,1
Bernhard X. Kausler,1
Lov K. Grover,1
R. Santos,1
Jorge Bernardino,1
J. Irwin,1
B. Shoichet,1
Jamie McCusker,1
J. Stingone,1
Paulo Pinheiro da Silva,1
Henrique M. Dinis Santos,1
M. P. Bax,1
Amar K. Das,1
S. M. Rashid,1
D. McGuinness,1
Taekyung Kim,1
Jaehoon Choi,1
Changick Kim,1
Ser-Nam Lim,1
Arpit Jain,1
S. Sankaranarayanan,1
Y. Balaji,1
R. Chellappa,1
V. Curcin,1
M. Sperrin,1
R. Aldridge,1
K. Harron,1
M. Greiver,1
V. Katikireddi,1
A. Boyd,1
J. Bowles,1
A. Havard,1
Sarah E. Rodgers,1
E. Ford,1
B. Pang,1
Shivakumar Vaithyanathan,1
Lillian Lee,1
Chris Kollen,1
B. Hickson,1
F. Rios,1
J. Oliver,1
Elisa Turricchia,1
Meena Arora,1
A. Gosain,1
Frank E. Curtis,1
J. Nocedal,1
D. Ślęzak,1
Victoria Eastwood,1
Stefan Berger,1
A. Abdulazeez,1
Bahzad Charbuty,1
P. Watters,1
Alex Ng,1
Hamed Alqahtani,1
S. Badsha,1
A. Kayes,1
Yuxin Chen,1
Yuejie Chi,1
Cong Ma,1
R. Mazumder,1
Bmc Bioinformatics,1
A. R. Jacobs,1
A. Sverdlov,1
S. Smirnov,1
B. Kiryutin,1
Y. Wolf,1
D. M. Krylov,1
Jodie J. Yin,1
A. Nikolskaya,1
S. Mekhedov,1
S. Vasudevan,1
B. Sridhar Rao,1
N. Fedorova,1
T. Huber,1
M. Rojas,1
N. Larsen,1
G. Andersen,1
K. Keller,1
D. Dalevi,1
P. Hu,1
K. Siau,1
Yin Yang,1
Wen Xie,1
Yan Lindsay Sun,1
Antonio Candelieri,1
F. Archetti,1
F. Allen,1
Yuri Skripchenko,1
Jian Ye,1
Ben Green,1
Vincent Rainardi,1
A. Cori,1
P. Keating,1
O. Morgan,1
M. Marks,1
K. Durski,1
R. Ratnayake,1
L. Kaiser,1
A. Baidjoe,1
S. Funk,1
P. Moraga,1
J. Whitworth,1
W. Edmunds,1
C. Roberts,1
Zhian N. Kamvar,1
R. Eggo,1
P. Flicek,1
E. Kolker,1
A. Nesvizhskii,1
Andrew Keller,1
R. Aebersold,1
Sanaullah Manzoor,1
J. Crowcroft,1
Ignacio Castro,1
Junaid Qadir,1
Adeel Razi,1
Adrian Weller,1
S. Latif,1
Gareth Tyson,1
Muhammad Usman,1
M. Boulos,1
Waleed Iqbal,1
Z. B. Celik,1
Nicolas Papernot,1
S. Jha,1
A. Swami,1
P. Mcdaniel,1
Pierre-Alain Chaumeil,1
Donovan H. Parks,1
Aaron J. Mussig,1
Ryan Cummings,1
Alex Wilson,1
Ithayavani Iynkkaran,1
Diana Le,1
Lucy Chin,1
Adam Maciejewski,1
Nicola Gale,1
C. Brown,1
C. Kuske,1
Andrea Porras‐Alfaro,1
Yanni Sun,1
Hadj Mahboubi,1
J. Darmont,1
Steffen Staab,1
R. Lämmel,1
Martin Leinberger,1
Xiaowei Wang,1
Yuhao Chen,1
Rajni Jindal,1
Shweta Taneja,1
K. Mizuguchi,1
Lokesh P. Tripathi,1
Yi-an Chen,1
Shai Shalev-Shwartz,1
Shai Ben-David,1
A. Khosla,1
Jonathan Bright,1
B. Ganesh,1
Thomas M. Vogl,1
Stefano Rizzi,1
E. Silva,1
Hossein Hassani,1
D. Moshou,1
Konstantinos G. Liakos,1
P. Busato,1
D. Bochtis,1
S. Pearson,1
A. Robinson,1
Anthony C. Smith,1
James A. Blackshaw,1
Yitong Xia,1
M. Faltyn,1
E. Bordeleau,1
W. Huynh,1
Hiu-Ki Tran,1
G. Domselaar,1
Anastasia Hernández-Koutoucheva,1
Haley L. Zubyk,1
E. Griffiths,1
R. Beiko,1
Damion M. Dooley,1
W. Hsiao,1
A. Miroshnichenko,1
G. Winsor,1
F. Maguire,1
Alexandra Florescu,1
Sihan Liu,1
Jalees A. Nasir,1
Bhavya Singh,1
Annie A. Cheng,1
Arman Edalatmand,1
R. Werfalli,1
Tammy T. Y. Lau,1
Mégane Bouchard,1
Martins Oloni,1
Sally Y Min,1
D. Speicher,1
Anna-Lisa V. Nguyen,1
Krista A. Ehinger,1
L. Lahti,1
Sudarshan A. Shetty,1
James Hays,1
R. Elmasri,1
S. Navathe,1
Bin Li,1
Dominic Clark,1
M. Spitzer,1
Edgardo Ferran,1
J. Vamathevan,1
Parantu K. Shah,1
I. Dunham,1
P. Czodrowski,1
A. Madabhushi,1
Shanrong Zhao,1
George Lee,1
Bowen Liu,1
Michele Catasta,1
Hongyu Ren,1
Matthias Fey,1
J. Leskovec,1
Yuxiao Dong,1
M. Zitnik,1
Weihua Hu,1
Zhenqin Wu,1
Aneesh S. Pappu,1
Evan N. Feinberg,1
Joseph Gomes,1
K. Leswing,1
Bharath Ramsundar,1
C. Geniesse,1
V. Pande,1
Yu Tian,1
Xi Peng,1
Dimitris N. Metaxas,1
Long Zhao,1
Mubbasir Kapadia,1
Wen Li,1
Yuhua Chen,1
Xiaoran Chen,1
P. Pérez,1
M. Cord,1
Max Bucher,1
Tuan-Hung Vu,1
Himalaya Jain,1
A. Karpathy,1
Jeffrey Huang,1
H. Wechsler,1
P. J. Phillips,1
P. Rauss,1
William Byron,1
C. Torre,1
A. Coppi,1
A. Hsiao,1
H. Krumholz,1
J. McPadden,1
Nathaniel Price,1
T. Durant,1
Dustin R. Bunch,1
Kris Rodgerson,1
W. Schulz,1
P. Teare,1
Michael Yeung,1
Kang Zhang,1
H. Prosch,1
Josh Lowe,1
Marcel Wassin,1
P. Liò,1
Mishal N. Patel,1
Angelica I. Avilés-Rivero,1
J. Gilbey,1
Xiaoxiang Zhu,1
Kangyu Ji,1
Tolou Shadbahr,1
N. Walton,1
Guang Yang,1
J. Hofmanninger,1
Matthew Thorpe,1
E. Sala,1
L. E. Sanchez,1
M. Roberts,1
Kyle Bradley,1
G. Gozaliasl,1
Zhangming Niu,1
Markus Holzer,1
Jan Stanczuk,1
G. Langs,1
Paula Martin Gonzalez,1
L. Beer,1
Y. Zha,1
J. Babar,1
E. Gkrania-Klotsas,1
J. Weir-McCall,1
C. McCague,1
C. Schönlieb,1
J. Preller,1
Weizhe Lin,1
Jingjing Tang,1
S. Stranks,1
Maria Delgado Ortet,1
Conor Cafolla,1
E. Jefferson,1
M. Thillai,1
D. Driggs,1
E. Ako,1
A. Korhonen,1
H. Azadbakht,1
Stephan Ursprung,1
A. Ruggiero,1
T. Ai,1
Christian Etmann,1
Z. Teng,1
Joseph Jacob,1
J. H. Rudd,1
Linda Hung,1
J. Yano,1
K. Gaffney,1
Abbas Ourmazd,1
J. Sethian,1
Joshua Schrier,1
F. Toma,1
J. Gregoire,1
M. Assante,1
P. Pagano,1
D. Pedreschi,1
P. Manghi,1
F. Giannotti,1
Valerio Grossi,1
Timothy George,1
S. Jackson,1
Melanie Feinberg,1
Bonnie E. John,1
Mary Beth Kery,1
Haofen Wang,1
Yong Yu,1
Y. Ni,1
Jin-Hang Du,1
M. Nixon,1
Tim Matthews,1
M. Niranjan,1
M. Belkin,1
Soumik Mandal,1
Daniel J. Hsu,1
Siyuan Ma,1
S. Dumais,1
Leo Liberti,1
M. Hernán,1
B. Healy,1
J. Hsu,1
G. Maxwell,1
Jun Gao,1
M. Liebman,1
C. Shriver,1
De Gao,1
M. Correll,1
R. Mural,1
L. Kvecher,1
A. Bekhash,1
Gwendolyn Schwab,1
M. Osmond,1
A. Kovatich,1
J. Sheldon,1
Hai Hu,1
Vladimir Kubatin,1
Jim Clark,1
J. Hooke,1
D. Klimov,1
V. V. Oreshko,1
I. R. Gubaidullin,1
O.E. Khromov,1
A.Y. Virasova,1
Raja Chiky,1
Marie-Aude Aufaure,1
Leo Lahti,1
Jürgen Reinhard,1
C. Bauer,1
Gregor Wernet,1
E. Moreno-Ruiz,1
B. Weidema,1
B. Steubing,1
Catherine Blake,1
S. Raschka,1
Corey J. Nolet,1
Joshua Patterson,1
Konstantinos Chatzilygeroudis,1
I. Perikos,1
I. Hatzilygeroudis,1
Sarvar Patel,1
Aaron Segal,1
Ben Kreuter,1
H. B. McMahan,1
Keith Bonawitz,1
Antonio Marcedone,1
Daniel Ramage,1
Vladimir Ivanov,1
Karn Seth,1
Lei Ma,1
M. Harman,1
J Zhang,1
Christian Aebeloe,1
Gabriela Montoya,1
J. Siskind,1
Barak A. Pearlmutter,1
Alexey Radul,1
A. G. Baydin,1
S. Mukherjee,1
M. Augustin,1
J. Nattermann,1
D. Skowasch,1
Stefanie Warnat-Herresthal,1
Krishnaprasad Shastry,1
A. Drews,1
Bruno Monnet,1
F. Tran,1
Fabian Kern,1
M. Woodacre,1
M. Saridaki,1
Saikat Mukherjee,1
R. Bals,1
C. Lehmann,1
M. Netea,1
Daniel Petersheim,1
J. Schulte-Schrepping,1
C. Herr,1
S. Schreiber,1
T. Ulas,1
P. Schommers,1
P. Nürnberg,1
Ravi Sarveswara,1
F. Theis,1
Sathyanarayanan Manamohan,1
Elena De Domenico,1
Hartmut Schultze,1
Christian Siever,1
O. Riess,1
P. Pickkers,1
S. Ktena,1
Nicolas Casadei,1
Melanie Nuesch-Germano,1
Sarah Kim-Hellmuth,1
A. Keller,1
B. Krämer,1
A. Aschenbrenner,1
J. P. Bernardes,1
J. Altmüller,1
N. Aziz,1
U. Behrends,1
M. Becker,1
J. Schultze,1
Milind Desai,1
Charles Siegel,1
S. Ossowski,1
L. Bonaguro,1
E. Giamarellos‐Bourboulis,1
M. Breteler,1
M. Kox,1
K. Händler,1
S. Cheran,1
Michael Kraut,1
P. Rosenstiel,1
Chen Wu,1
F. Diakogiannis,1
P. Caccetta,1
F. Waldner,1
M. Kubát,1
N. Mishra,1
I. Kurth,1
E. L. Goh,1
Tobias Fehlmann,1
Heidi Theis,1
J. Rybniker,1
Michael Backes,1
M. Bitzer,1
Vishesh Garg,1
J. Heyckendorf,1
Uwe Franke,1
Sebastian Ramos,1
Marius Cordts,1
Mohamed Omran,1
B. Schiele,1
M. Enzweiler,1
Rodrigo Benenson,1
Timo Rehfeld,1
D. Scharstein,1
Michael J. Black,1
Simon Baker,1
J. P. Lewis,1
R. Szeliski,1
Bill Cresko,1
A. S. Kulam-Syed-Mohideen,1
Ryan J. Farris,1
T. Marsh,1
Erick Cardenas,1
G. Garrity,1
L. Hunter,1
T. Callahan,1
Ignacio J. Tripodi,1
Harrison Pielke-Lombardo,1
G. Vicario,1
S. Coleman,1
Nadezhda Purtova,1
L. Taylor,1
Lesia Semenova,1
Chudi Zhong,1
Haiyang Huang,1
Zhi Chen,1
Minjie Wang,1
Mu Li,1
Chiyuan Zhang,1
Yutian Li,1
Naiyan Wang,1
Tianjun Xiao,1
Min Lin,1
Tianqi Chen,1
Bing Xu,1
Priyanka Shahi,1
Norbert Gretz,1
Roland Eils,1
Stefan Küffer,1
S. Maertens,1
Benedikt Brors,1
Serguei Loukianiouk,1
M. Kenzelmann,1
Andreas Bohne-Lang,1
Hermann-Josef Gröne,1
H. Chan,1
K. Pang,1
G. Moody,1
Lara O'Donnell,1
A. Willems,1
Christie S. Chang,1
R. Oughtred,1
J. Coulombe-Huntington,1
Frederick Zhang,1
S. Dolma,1
Bobby-Joe Breitkreutz,1
Lorrie Boucher,1
J. Rust,1
M. Tyers,1
Genie Leung,1
Nadine Kolas,1
Rochelle McAdam,1
A. Chatr-aryamontri,1
Chris Stark,1
Wil M.P. van der Aalst,1
S. V. Zelst,1
A. Berti,1
Alaa Abdulkhar Jihad,1
Mortadha M. Hamad,1
Prasad Chakka,1
Joydeep Sen Sarma,1
R. Murthy,1
Ning Zhang,1
Ashish Thusoo,1
Suresh Anthony,1
H. Liu,1
C. Zucco,1
Giuseppe Agapito,1
M. Cannataro,1
B. Nelson,1
Benjamin I. P. Rubinstein,1
J. D. Tygar,1
A. Joseph,1
Ling Huang,1
Shruti Jadon,1
Tianjian Chen,1
Yongxin Tong,1
Satyavrat Wagle,1
S. Neuhauser,1
H. Motenko,1
J. Richardson,1
M. O’Keefe,1
M. Lescot,1
G. Thijs,1
P. Rouzé,1
S. Rombauts,1
P. Déhais,1
K. Marchal,1
Y. Peer,1
